"adm2_guid","year","pop_u15"
"{54CD979C-CF9D-6A65-567F-8976C9546137}",2015,69771
"{1854CE21-0D57-9748-D804-77E28CAD45C8}",2015,33216
"{91E025E5-7F78-2AE6-6790-52BA0D18544B}",2015,68260
"{8AF38330-E608-6D8E-F4D9-B025DBEFE44B}",2015,75648
"{CEE28573-3561-A1CC-59F8-437EA0FD5C03}",2015,97042
"{632250CE-B852-246A-56D9-8854C5EB8A4E}",2015,233267
"{338F9C39-8F3D-3B69-8F0E-B9A9AFF48586}",2015,158859
"{51A3C395-0B56-F669-F319-63A8E028D1BB}",2015,57540
"{CCB52CAA-8C23-69FA-32E9-19C34836C85F}",2015,111024
"{CAF8DD7F-909B-FB7E-77A6-2A77634A1EA1}",2015,80377
"{543D327D-3633-EAB8-FCCD-431891B04572}",2015,75248
"{86659364-E260-CE27-F770-58DB5D55790E}",2015,87512
"{0FBAD5A3-775C-8678-E90F-BA27C5A9B381}",2015,111711
"{39F1ECAF-AEF8-EF8A-8F79-2CC5895D95B1}",2015,80628
"{A7F442EF-01A1-A323-9AA1-7A2787023CBE}",2015,115644
"{093B85E1-925C-8019-BE7B-3DEAF4A9CB0F}",2015,69941
"{D84C16D5-5912-A8CB-EAAF-1AD4739D7209}",2015,94058
"{EE2F98B6-C94D-4FCF-FBC7-2206458F16FF}",2015,39581
"{E1B1337C-C89A-514B-9AED-D4642E34F222}",2015,48998
"{4BDC86BE-17C2-46F0-2F98-92DF1B11D314}",2015,66395
"{FE0042F9-FF5F-AD6B-EA9C-9C75A10AA758}",2015,66734
"{4E3BD2D3-D3B7-307E-101C-1021B6212713}",2015,111367
"{A384F76B-4ED5-9B93-4E1F-F25A2A8EAEBE}",2015,51253
"{D93DE023-F361-27CE-A0F3-CA85725D8AEA}",2015,232164
"{95DDCAC0-E6B6-2EEB-9A62-5DB14A07C613}",2015,69050
"{F2B9E252-5FEA-776C-DFD1-D93C48433657}",2015,82554
"{A40F2A23-5360-8621-4E8C-A0602FF855B8}",2015,169249
"{73542C20-B82D-945D-8731-852D755DE9DD}",2015,111790
"{01325AA0-BEA1-66FE-9B5C-88AA603382F3}",2015,163341
"{3297C203-C599-F2AE-F1AA-1868216527B9}",2015,126356
"{3579F526-2611-CB6A-0902-C0F4034D4164}",2015,72717
"{1AA3EBA2-8AA2-3ED3-6D5F-5136F9B26787}",2015,73428
"{ED5D5293-0EF2-D555-C2A5-3EE3B1F6D619}",2015,72054
"{270D1212-CC25-ABE5-AC82-ADD4C3E376B2}",2015,53595
"{7BD178E2-177C-7125-84DF-32B63BC0279A}",2015,80739
"{BA43EFE1-6A22-28B7-7FB2-361A9525679A}",2015,162503
"{F61C5B3B-50F7-B4C6-F33A-5643BB7423DB}",2015,99215
"{A7BD78F1-E58A-22D2-4F44-3EFEE9E64202}",2015,110478
"{F798CCF4-FC4C-F347-64B1-5994365B0594}",2015,70444
"{11B8EDBE-8460-1EC1-84A5-D7A98FF00A91}",2015,88608
"{9733751F-F79F-D984-2254-DF02E9DBCA2B}",2015,152892
"{80D9098A-1887-F8CA-F3F3-12338B4D96FA}",2015,46753
"{4641E2EF-DFF9-091E-C3C2-492964CA9EF5}",2015,567805
"{D23DADC7-D445-22D2-0648-79A7DD8CA1B4}",2015,68638
"{8B467210-5BD9-A44C-2FFF-DB55E879B135}",2015,73901
"{64CC73A3-502B-20AE-FCFE-F9A6EC5F1351}",2015,118827
"{D5BBD67A-CFA7-8A0B-38AA-DA1F82995C7B}",2015,207602
"{F78A6BB4-1969-0E34-7A98-0A446B50DB54}",2015,66487
"{A025C6B8-0E81-E5F8-4015-A8EC71F9B738}",2015,125953
"{ECE9D8ED-0F5D-CC8D-9AF2-B7C122D82E49}",2015,158217
"{1006FBA6-2EB4-5960-5C4B-6FBC0581A26A}",2015,108338
"{8288F8E8-D961-D47C-050F-65A65AA97F9D}",2015,76664
"{17F4009B-AEFB-B7C6-A52F-D6010698EDE9}",2015,92984
"{B8B6AFC0-66BC-6D0F-4AAC-D670FE7BCA9F}",2015,71489
"{3E53EDDE-CCD7-0E2E-7589-7184E6320E14}",2015,69087
"{040649D0-A0BA-C005-ADEF-90E3E4358730}",2015,52728
"{24583742-6987-D358-4587-C7C98370FCEF}",2015,309736
"{BFF8770D-356E-6292-8C34-0EEE58FB2BA4}",2015,84108
"{6E91C127-A888-E912-0483-08D35DE213A9}",2015,106399
"{F4903A19-350D-D84D-A882-F9654ED12BA2}",2015,133797
"{60E04965-3EC1-E787-2A99-F57E04489AEC}",2015,175782
"{2B736046-BEDC-DEF4-77A8-475FD27A1E64}",2015,76400
"{1FC2E6E7-1C9C-C1CC-9006-A4E84CC0F303}",2015,93799
"{6F6C5467-2864-ED2F-862C-D5213947E6AD}",2015,137440
"{7BAB2F56-875B-2ED6-4180-201269CED27E}",2015,111983
"{D81D3816-B218-65B6-DB52-A8E75DAD59C9}",2015,123999
"{E1EA480C-0BB2-57D0-87DB-FA3F71314F83}",2015,139165
"{EED6E019-9FD1-5609-EB4C-D3968EDD9F22}",2015,180821
"{E8AFFCCE-4403-83DE-6C80-80F38A3582A1}",2015,43571
"{263C1320-AF64-F3FF-ACE3-CEA489DFB3BC}",2015,86255
"{F459B361-8F01-B771-E54E-579E6ACACF12}",2015,74211
"{3E069B69-BF63-3D6A-6F86-E0282D3361EA}",2015,133788
"{B9AAB293-41E8-6FB2-EFBE-36507753EC65}",2015,107737
"{07BC4455-2DED-3E72-89F5-F1123A963742}",2015,64414
"{B7A85CB6-AAA4-B046-33D5-3EBB049D4198}",2015,92984
"{BDAFD028-A9C2-B5F4-9F4B-922D2C707631}",2015,87009
"{3F985DE4-8479-BB09-7357-E758AA3DE096}",2015,97075
"{A984BA1B-1216-2570-4BDD-EC3242A5C527}",2015,55926
"{9F150CC3-DCE9-8CEB-BF01-698F45485FBA}",2015,92471
"{1DF59397-D316-47A4-0FAC-94F3B8AC4AAD}",2015,316797
"{23D12364-9F00-5BD4-1434-A191B1663711}",2015,167308
"{E009A9D1-AEA9-39A9-24D1-0632A6F70389}",2015,107172
"{ABFA705B-9826-4AD9-B22B-98F9168CC263}",2015,42093
"{F7BCDB81-B0EC-973E-BD24-12FA7E89A631}",2015,408184
"{90DE9873-4EE6-9646-8B3C-27495B4EBB68}",2015,116181
"{8C17955C-1843-9259-82B8-33A2C96BB1F3}",2015,177535
"{6FBDCE79-EC46-FD41-452E-D4C8712B2030}",2015,138390
"{AD98692B-F153-163B-F60D-B2B80DDE3F28}",2015,95346
"{754D644E-5F65-8B1A-8684-7BD83BE3CE2D}",2015,105568
"{F0420255-9025-FC4C-C73F-FC6AC46A562D}",2015,139755
"{BBF3E52F-6F5B-58EF-17D6-83D78187BA8B}",2015,65543
"{475A43A7-610B-3F17-B315-CCFB6CDCB36D}",2015,53947
"{67630DFA-E36E-54E7-81F2-6F947A05AF9A}",2015,105723
"{37C13AAA-BAFF-F837-8413-D3645A296542}",2015,90324
"{A6983A1F-CFDC-86FB-A940-5AD2214B5619}",2015,145921
"{F55AD9DB-AD52-9CE0-384C-8D2F4A8667E2}",2015,69273
"{AABA75AA-084D-4C80-E3B4-14FD8E122E70}",2015,139469
"{B8FD0E1F-FC7F-4B45-8C7A-46E1A45CBD5D}",2015,90916
"{B84D3EAD-E68F-22AF-8DDF-150A40449DC2}",2015,96589
"{4CA34928-7026-6568-A40F-F2D39617C4BD}",2015,52364
"{1CDC78B6-2FD4-FCEC-F7E5-03DF39D3BECA}",2015,76637
"{4BEE6D8A-790F-56FA-DBD2-3C7FE695B48D}",2015,158257
"{3EFBC049-59F9-700F-C3E3-58A04586E734}",2015,193447
"{5770C716-0EB7-67E4-B78F-B5DFCAC3123B}",2015,93241
"{8172329C-68C5-F514-F708-CBCCFA5554C8}",2015,158291
"{249FBBC9-8AC8-0A5D-F92A-D1AB8F90C5F9}",2015,119965
"{A32A501F-1C4C-8F06-6756-9438CD7C6AD6}",2015,60654
"{F0935483-1609-A81E-216B-E07EEF62FB81}",2015,252974
"{E71EE0C1-9C7F-8333-7BB2-DE84EA41E0E2}",2015,41756
"{326D2AE2-EFC4-8961-28B6-F1D7A40745BA}",2015,112990
"{8046B1B8-931A-FFBE-B2B9-6C0D104B017D}",2015,159544
"{5E84877A-62F2-0210-B73F-4347AC9D5637}",2015,94026
"{B042BFE2-56C3-C9C2-6E73-0EE74DBDF7BA}",2015,82994
"{8FEF89A7-C9B1-4105-846E-517D1831E753}",2015,155107
"{72A5054A-14C5-E788-0FA2-1CD515993F0B}",2015,130678
"{5AD7EADD-CB00-64F6-A560-B5C76E461346}",2015,71221
"{76065785-7F52-48F1-EA8F-D03CE20FB736}",2015,44698
"{838D5543-BAFC-01EE-122D-8CC0E1298E25}",2015,159228
"{55522CA9-4849-A0E8-4E59-BA77B367813E}",2015,56627
"{968CB96D-2ABE-5097-05C0-682A7C172FFD}",2015,69607
"{B1BAED53-F797-D8F1-B425-90210D3DA3C7}",2015,201118
"{AF49A0FE-DBD8-3810-C8F1-2353D8F1D60A}",2015,111826
"{1DF26257-FC2B-084F-DD57-3B9883EF9F66}",2015,65278
"{75A37830-0558-3268-4797-6A5EA2C0A58B}",2015,94521
"{9D12F9E2-79B3-AA71-2805-4DE51BE1108C}",2015,107342
"{3931DFDE-BB23-726B-EFFF-EF0815238E92}",2015,185371
"{9BD484C4-8AD8-68AB-CAE1-0EDD0113F635}",2015,92452
"{D21C2C41-F765-AA1B-3397-5BB285B01694}",2015,164137
"{9690494B-44EF-65B3-446A-56B4ED4FD5D4}",2015,103350
"{5ECCDEC5-9359-9717-B387-6A189FB6ED2F}",2015,239454
"{E56B8F01-8BDB-3B02-8C45-6B5C6932B058}",2015,117889
"{89245E9C-9A0D-1370-F9A3-086F554ED07B}",2015,49785
"{9A5460F3-DF99-8110-92E8-1F0BC7426DD2}",2015,135059
"{AD794FA4-F8F0-BB95-08A8-398D022BF137}",2015,75734
"{E2074C04-BB16-A038-B440-48104CE6410C}",2015,81601
"{DD0D5BEE-00F0-5B05-3FC9-F6A39D0EC4E0}",2015,110949
"{415C93A7-A51D-1FF9-C310-78A9242EFD1D}",2015,145371
"{1FC8A8EF-FDF0-F3E9-D98B-31E18133CF79}",2015,59400
"{EEED6DA1-A074-FAE0-5ACD-0ED26ABC4EB6}",2015,93145
"{87E4ADE8-C6CB-A33F-09C1-7F8631D7F1F6}",2015,126107
"{E4E916BC-F08E-AB2C-B28B-05FBB83F5110}",2015,86702
"{2B71C6EB-D538-F1BB-79F5-ACC0A57C8B69}",2015,115484
"{B4AB9D4B-24AF-6624-911B-B375D22EB06E}",2015,55732
"{53F72819-192A-0A3E-FBCE-47AB4C5FEA9F}",2015,64025
"{F7E8CD73-A1D1-03F1-C6D7-F5A3ADBF3D83}",2015,97154
"{B4A9AF91-2A72-AA93-9CA8-0C7A1E3170A6}",2015,55652
"{B6AB17E6-46C2-2D36-8B87-2E0071D163B7}",2015,62758
"{7072BC74-2050-BB87-457E-A0C45AE44663}",2015,56294
"{2BAEDD19-1268-9673-A3F1-29B0877315F9}",2015,50214
"{9863A6CC-FB39-7878-DCCD-716D68CEBE8B}",2015,220065
"{268D7B74-BC5C-545F-6346-1927E85D46D2}",2015,153745
"{59AA93ED-B8CC-2537-8955-F746B83C50BB}",2015,127648
"{C4DFAFF5-6EDA-7B82-FF77-34E7BB65179C}",2015,113085
"{2E72FCEF-0CB8-014E-1D82-DF8192430959}",2015,156848
"{EF09CD9C-0183-8DA3-B26E-734C2382B5DF}",2015,113558
"{E1DBDD61-2A50-F47C-6604-6D029FCC988D}",2015,85019
"{F8CB9FB0-7561-2D35-C535-7D344294AB10}",2015,25142
"{04CBADAF-5577-E1AB-12F7-49CD628AA70F}",2015,119786
"{069B1B50-BB32-0C5A-DC20-C9643EC4583D}",2015,132687
"{5776BA94-E993-F553-EABB-C7CC9C6F720C}",2015,45120
"{93ED7B3E-69D3-EFEA-4F3C-FAE2FCF5942D}",2015,164905
"{C74E3F2F-9273-77E4-D32F-18E49E986DFB}",2015,109024
"{A62187E9-F3FA-ACE7-8AC0-2BC69D81265C}",2015,49474
"{DEFF95BC-485A-2A1C-55C3-995509683799}",2015,74912
"{3E6E48BD-05A7-0F34-DE7C-B878ACC40095}",2015,69350
"{D3FA85EF-2E9D-58A4-F901-D43E125BA5E1}",2015,138551
"{E2F9EDD5-426E-9AD6-4536-D3086FFACB64}",2015,332011
"{2C5DCBED-7D79-137A-EC0D-E20D7EF7B240}",2015,258243
"{0673C3E5-5534-6578-70F4-B6B48BA0D331}",2015,197077
"{90E99B68-AD16-6914-F66B-330143235446}",2015,127643
"{972FF67E-BBE9-D809-7E1A-843857954E8F}",2015,294711
"{2BE31D39-0728-34AB-CC03-D04C011A65FB}",2015,214247
"{C684E28A-2076-F333-984D-62F77E1DC5D6}",2015,119135
"{A1B69673-8D98-6C6C-C43E-0DE46ADC3705}",2015,180213
"{E1C50C1D-9E6D-C678-A720-26ED8993BAA8}",2015,260463
"{F3FD91AE-53FF-2611-E945-AFC9F45287E4}",2015,180560
"{2DD8AFBC-3518-A408-5715-26AB80A6402D}",2015,166248
"{3CB384C6-7C12-E4EE-94B0-AB6A15E27356}",2015,18628
"{CABC2F65-881C-579D-81CF-72CF984965F6}",2015,48023
"{B877E37C-25FB-FCAE-FA46-51D4057CEE02}",2015,66665
"{C88F984F-88B3-C2B1-D90A-7C567DE43629}",2015,36294
"{BF0B7EA9-968C-2951-62A3-17AC35A1717E}",2015,23372
"{BA300319-99F4-0980-B20D-BCAE8EFB718D}",2015,78078
"{AB6E0C95-5FBA-0678-0540-8596D07CAAC8}",2015,36354
"{93E672D1-436D-57E9-A6A4-E8BE7E57DD10}",2015,112218
"{546DEF31-FEC5-4A7E-0A31-D5A37776FCCB}",2015,62390
"{AAEA48AC-69B0-EB20-8BE5-FB0E73A5161A}",2015,118156
"{AC077A50-E6BD-7B23-2223-2B12B737E892}",2015,105355
"{D670AA2C-C858-0686-1867-E8F77F261839}",2015,104564
"{A29F284D-A6C5-7C41-1875-65A601E8B48C}",2015,97327
"{B67BF1D6-A4AD-896D-653D-2D77AFB58C51}",2015,94930
"{8B32C08C-D7BC-A11F-8086-84FC50663321}",2015,58443
"{FF5628E3-C9C5-9AEA-DDFA-101A34E6BFF0}",2015,53665
"{8A7FDA69-95E3-F888-18CA-70FC173DA65B}",2015,104557
"{184372BA-E4F6-6238-B7C8-2F181FA43CE6}",2015,126855
"{6987F929-3D64-F5AD-1D5F-E57E1B09948C}",2015,81840
"{B3133674-A14F-29BF-B69A-EC218907EA5C}",2015,87267
"{640775C4-017A-BD6A-19A3-0919EE16426E}",2015,51855
"{F0EA8B5A-603F-13A2-102E-0BAD4571C7F9}",2015,50420
"{6B918A41-7665-E609-88DD-847A87CBC3ED}",2015,63164
"{5934BCCD-E86E-FA75-4EFD-C719E6ADC2D8}",2015,118963
"{F61B35A9-CB3A-0D0C-ED55-44F971D4C92E}",2015,190119
"{F803917C-B918-D36A-FBD6-5B100AFE9B8A}",2015,61866
"{13BFF2E0-836B-84DA-2B73-240AB574BB7A}",2015,53746
"{98852C52-6DCD-1BA9-B18E-E7176A916C70}",2015,93048
"{AB4C85BC-CA7E-41D8-DBE4-F08F521DF234}",2015,93733
"{F957D325-1FD6-2666-6302-2CFD26C9CEDB}",2015,81836
"{83AE3D57-DAC6-47D2-2167-FA86AFC21369}",2015,131176
"{DD3E7F67-C86D-E89B-3C6B-B1611AA08BFA}",2015,146076
"{1F7F017E-7F1A-97AB-7487-43CB1ACD87F7}",2015,132883
"{87E5CA3A-CAA6-16DC-B6FB-807D0D14C8E2}",2015,129886
"{8867E2E4-0C4F-594C-1896-6D9A407C699E}",2015,47303
"{B57A2E7B-EAC1-DFAF-024A-B540595026D9}",2015,129205
"{6F992E1F-83F4-6045-247F-4B82EAB7F9C0}",2015,98031
"{6571F078-EEEF-15C4-9D43-23316F6FC66F}",2015,30212
"{1A372BED-B4DA-54DB-6113-9CB94D26D0BE}",2015,37652
"{3C257F82-1A63-6DA9-72B7-6C9E9A291610}",2015,149377
"{2343FCAE-B643-9255-4BDD-1DC4EADC151B}",2015,623195
"{FC6D9670-34A9-F0B6-7AFB-75C6D8202B03}",2015,75317
"{E3C58B58-8F60-A49E-A128-CFBD8FD83E39}",2015,32455
"{52B0AEF7-E254-2042-9658-2B598038635F}",2015,176201
"{F4B56789-3C84-DC23-56AD-322DE11031A0}",2015,187751
"{FBFE3CAC-1C80-1EBB-C5F4-76ABF9F780DA}",2015,51229
"{3DD24FF8-8EAD-6B7E-86B3-8556CB2FECED}",2015,28737
"{AD444ED3-D714-A13B-71D1-8B84A794A47E}",2015,193340
"{B00951B4-0D59-3EB9-5647-1E44EE8A780B}",2015,40135
"{1FFE14DC-FD03-BB67-D51C-9E897F988EC8}",2015,22346
"{396A6C70-D47C-E07A-FDD4-8B7F9D74FBD1}",2015,397818
"{B73D6092-14C9-CD04-3656-CC5231CF90B7}",2015,294977
"{D49E8668-4B7E-4302-D9C1-135D21B3B00B}",2015,329714
"{7045A7DA-1D9F-0A40-FA6C-8FE4094EE820}",2015,252385
"{54742F19-BFDB-CD66-74B7-E8C48CD89B90}",2015,228818
"{45A00F81-6D66-A1A6-7CBF-F2A7C6C3B422}",2015,455694
"{C1BFE035-05F1-5013-4523-C05B826CE7E7}",2015,541224
"{93822FAD-2514-4B69-64C2-1934A16B9513}",2015,253905
"{6688E903-C5A7-DBC0-1649-BCDF8B76A05C}",2015,240451
"{54CD979C-CF9D-6A65-567F-8976C9546137}",2016,77995
"{1854CE21-0D57-9748-D804-77E28CAD45C8}",2016,37316
"{91E025E5-7F78-2AE6-6790-52BA0D18544B}",2016,76881
"{8AF38330-E608-6D8E-F4D9-B025DBEFE44B}",2016,85055
"{CEE28573-3561-A1CC-59F8-437EA0FD5C03}",2016,109396
"{632250CE-B852-246A-56D9-8854C5EB8A4E}",2016,261914
"{338F9C39-8F3D-3B69-8F0E-B9A9AFF48586}",2016,178944
"{51A3C395-0B56-F669-F319-63A8E028D1BB}",2016,64837
"{CCB52CAA-8C23-69FA-32E9-19C34836C85F}",2016,124704
"{CAF8DD7F-909B-FB7E-77A6-2A77634A1EA1}",2016,90497
"{543D327D-3633-EAB8-FCCD-431891B04572}",2016,84411
"{86659364-E260-CE27-F770-58DB5D55790E}",2016,98552
"{0FBAD5A3-775C-8678-E90F-BA27C5A9B381}",2016,126276
"{39F1ECAF-AEF8-EF8A-8F79-2CC5895D95B1}",2016,90271
"{A7F442EF-01A1-A323-9AA1-7A2787023CBE}",2016,130410
"{093B85E1-925C-8019-BE7B-3DEAF4A9CB0F}",2016,78548
"{D84C16D5-5912-A8CB-EAAF-1AD4739D7209}",2016,105729
"{EE2F98B6-C94D-4FCF-FBC7-2206458F16FF}",2016,44501
"{E1B1337C-C89A-514B-9AED-D4642E34F222}",2016,55251
"{4BDC86BE-17C2-46F0-2F98-92DF1B11D314}",2016,74570
"{FE0042F9-FF5F-AD6B-EA9C-9C75A10AA758}",2016,75076
"{4E3BD2D3-D3B7-307E-101C-1021B6212713}",2016,124488
"{A384F76B-4ED5-9B93-4E1F-F25A2A8EAEBE}",2016,57629
"{D93DE023-F361-27CE-A0F3-CA85725D8AEA}",2016,260388
"{95DDCAC0-E6B6-2EEB-9A62-5DB14A07C613}",2016,77602
"{F2B9E252-5FEA-776C-DFD1-D93C48433657}",2016,92304
"{A40F2A23-5360-8621-4E8C-A0602FF855B8}",2016,189073
"{73542C20-B82D-945D-8731-852D755DE9DD}",2016,125085
"{01325AA0-BEA1-66FE-9B5C-88AA603382F3}",2016,184109
"{3297C203-C599-F2AE-F1AA-1868216527B9}",2016,141828
"{3579F526-2611-CB6A-0902-C0F4034D4164}",2016,81233
"{1AA3EBA2-8AA2-3ED3-6D5F-5136F9B26787}",2016,82295
"{ED5D5293-0EF2-D555-C2A5-3EE3B1F6D619}",2016,80757
"{270D1212-CC25-ABE5-AC82-ADD4C3E376B2}",2016,59930
"{7BD178E2-177C-7125-84DF-32B63BC0279A}",2016,90603
"{BA43EFE1-6A22-28B7-7FB2-361A9525679A}",2016,182742
"{F61C5B3B-50F7-B4C6-F33A-5643BB7423DB}",2016,111396
"{A7BD78F1-E58A-22D2-4F44-3EFEE9E64202}",2016,123934
"{F798CCF4-FC4C-F347-64B1-5994365B0594}",2016,79224
"{11B8EDBE-8460-1EC1-84A5-D7A98FF00A91}",2016,98982
"{9733751F-F79F-D984-2254-DF02E9DBCA2B}",2016,171289
"{80D9098A-1887-F8CA-F3F3-12338B4D96FA}",2016,52379
"{4641E2EF-DFF9-091E-C3C2-492964CA9EF5}",2016,638634
"{D23DADC7-D445-22D2-0648-79A7DD8CA1B4}",2016,76772
"{8B467210-5BD9-A44C-2FFF-DB55E879B135}",2016,82805
"{64CC73A3-502B-20AE-FCFE-F9A6EC5F1351}",2016,133771
"{D5BBD67A-CFA7-8A0B-38AA-DA1F82995C7B}",2016,233530
"{F78A6BB4-1969-0E34-7A98-0A446B50DB54}",2016,74247
"{A025C6B8-0E81-E5F8-4015-A8EC71F9B738}",2016,141232
"{ECE9D8ED-0F5D-CC8D-9AF2-B7C122D82E49}",2016,178003
"{1006FBA6-2EB4-5960-5C4B-6FBC0581A26A}",2016,121266
"{8288F8E8-D961-D47C-050F-65A65AA97F9D}",2016,85458
"{17F4009B-AEFB-B7C6-A52F-D6010698EDE9}",2016,104109
"{B8B6AFC0-66BC-6D0F-4AAC-D670FE7BCA9F}",2016,79826
"{3E53EDDE-CCD7-0E2E-7589-7184E6320E14}",2016,77142
"{040649D0-A0BA-C005-ADEF-90E3E4358730}",2016,58826
"{24583742-6987-D358-4587-C7C98370FCEF}",2016,346473
"{BFF8770D-356E-6292-8C34-0EEE58FB2BA4}",2016,94819
"{6E91C127-A888-E912-0483-08D35DE213A9}",2016,119205
"{F4903A19-350D-D84D-A882-F9654ED12BA2}",2016,150587
"{60E04965-3EC1-E787-2A99-F57E04489AEC}",2016,196556
"{2B736046-BEDC-DEF4-77A8-475FD27A1E64}",2016,85418
"{1FC2E6E7-1C9C-C1CC-9006-A4E84CC0F303}",2016,105396
"{6F6C5467-2864-ED2F-862C-D5213947E6AD}",2016,153753
"{7BAB2F56-875B-2ED6-4180-201269CED27E}",2016,125701
"{D81D3816-B218-65B6-DB52-A8E75DAD59C9}",2016,139566
"{E1EA480C-0BB2-57D0-87DB-FA3F71314F83}",2016,155687
"{EED6E019-9FD1-5609-EB4C-D3968EDD9F22}",2016,202839
"{E8AFFCCE-4403-83DE-6C80-80F38A3582A1}",2016,48931
"{263C1320-AF64-F3FF-ACE3-CEA489DFB3BC}",2016,96914
"{F459B361-8F01-B771-E54E-579E6ACACF12}",2016,83354
"{3E069B69-BF63-3D6A-6F86-E0282D3361EA}",2016,150036
"{B9AAB293-41E8-6FB2-EFBE-36507753EC65}",2016,121458
"{07BC4455-2DED-3E72-89F5-F1123A963742}",2016,72649
"{B7A85CB6-AAA4-B046-33D5-3EBB049D4198}",2016,104011
"{BDAFD028-A9C2-B5F4-9F4B-922D2C707631}",2016,97096
"{3F985DE4-8479-BB09-7357-E758AA3DE096}",2016,109253
"{A984BA1B-1216-2570-4BDD-EC3242A5C527}",2016,62920
"{9F150CC3-DCE9-8CEB-BF01-698F45485FBA}",2016,104131
"{1DF59397-D316-47A4-0FAC-94F3B8AC4AAD}",2016,354800
"{23D12364-9F00-5BD4-1434-A191B1663711}",2016,187876
"{E009A9D1-AEA9-39A9-24D1-0632A6F70389}",2016,120358
"{ABFA705B-9826-4AD9-B22B-98F9168CC263}",2016,47274
"{F7BCDB81-B0EC-973E-BD24-12FA7E89A631}",2016,456565
"{90DE9873-4EE6-9646-8B3C-27495B4EBB68}",2016,130789
"{8C17955C-1843-9259-82B8-33A2C96BB1F3}",2016,199551
"{6FBDCE79-EC46-FD41-452E-D4C8712B2030}",2016,155931
"{AD98692B-F153-163B-F60D-B2B80DDE3F28}",2016,107807
"{754D644E-5F65-8B1A-8684-7BD83BE3CE2D}",2016,118657
"{F0420255-9025-FC4C-C73F-FC6AC46A562D}",2016,157057
"{BBF3E52F-6F5B-58EF-17D6-83D78187BA8B}",2016,73897
"{475A43A7-610B-3F17-B315-CCFB6CDCB36D}",2016,60660
"{67630DFA-E36E-54E7-81F2-6F947A05AF9A}",2016,119107
"{37C13AAA-BAFF-F837-8413-D3645A296542}",2016,101572
"{A6983A1F-CFDC-86FB-A940-5AD2214B5619}",2016,164261
"{F55AD9DB-AD52-9CE0-384C-8D2F4A8667E2}",2016,78067
"{AABA75AA-084D-4C80-E3B4-14FD8E122E70}",2016,156509
"{B8FD0E1F-FC7F-4B45-8C7A-46E1A45CBD5D}",2016,102643
"{B84D3EAD-E68F-22AF-8DDF-150A40449DC2}",2016,108291
"{4CA34928-7026-6568-A40F-F2D39617C4BD}",2016,58822
"{1CDC78B6-2FD4-FCEC-F7E5-03DF39D3BECA}",2016,86406
"{4BEE6D8A-790F-56FA-DBD2-3C7FE695B48D}",2016,177673
"{3EFBC049-59F9-700F-C3E3-58A04586E734}",2016,217612
"{5770C716-0EB7-67E4-B78F-B5DFCAC3123B}",2016,104575
"{8172329C-68C5-F514-F708-CBCCFA5554C8}",2016,177580
"{249FBBC9-8AC8-0A5D-F92A-D1AB8F90C5F9}",2016,135367
"{A32A501F-1C4C-8F06-6756-9438CD7C6AD6}",2016,68181
"{F0935483-1609-A81E-216B-E07EEF62FB81}",2016,284821
"{E71EE0C1-9C7F-8333-7BB2-DE84EA41E0E2}",2016,46969
"{326D2AE2-EFC4-8961-28B6-F1D7A40745BA}",2016,127060
"{8046B1B8-931A-FFBE-B2B9-6C0D104B017D}",2016,179230
"{5E84877A-62F2-0210-B73F-4347AC9D5637}",2016,105683
"{B042BFE2-56C3-C9C2-6E73-0EE74DBDF7BA}",2016,93658
"{8FEF89A7-C9B1-4105-846E-517D1831E753}",2016,174647
"{72A5054A-14C5-E788-0FA2-1CD515993F0B}",2016,147432
"{5AD7EADD-CB00-64F6-A560-B5C76E461346}",2016,80462
"{76065785-7F52-48F1-EA8F-D03CE20FB736}",2016,50063
"{838D5543-BAFC-01EE-122D-8CC0E1298E25}",2016,179181
"{55522CA9-4849-A0E8-4E59-BA77B367813E}",2016,63748
"{968CB96D-2ABE-5097-05C0-682A7C172FFD}",2016,78313
"{B1BAED53-F797-D8F1-B425-90210D3DA3C7}",2016,226220
"{AF49A0FE-DBD8-3810-C8F1-2353D8F1D60A}",2016,125115
"{1DF26257-FC2B-084F-DD57-3B9883EF9F66}",2016,73343
"{75A37830-0558-3268-4797-6A5EA2C0A58B}",2016,106494
"{9D12F9E2-79B3-AA71-2805-4DE51BE1108C}",2016,120599
"{3931DFDE-BB23-726B-EFFF-EF0815238E92}",2016,208236
"{9BD484C4-8AD8-68AB-CAE1-0EDD0113F635}",2016,104063
"{D21C2C41-F765-AA1B-3397-5BB285B01694}",2016,184771
"{9690494B-44EF-65B3-446A-56B4ED4FD5D4}",2016,115254
"{5ECCDEC5-9359-9717-B387-6A189FB6ED2F}",2016,267949
"{E56B8F01-8BDB-3B02-8C45-6B5C6932B058}",2016,132652
"{89245E9C-9A0D-1370-F9A3-086F554ED07B}",2016,55908
"{9A5460F3-DF99-8110-92E8-1F0BC7426DD2}",2016,152146
"{AD794FA4-F8F0-BB95-08A8-398D022BF137}",2016,84879
"{E2074C04-BB16-A038-B440-48104CE6410C}",2016,91317
"{DD0D5BEE-00F0-5B05-3FC9-F6A39D0EC4E0}",2016,125212
"{415C93A7-A51D-1FF9-C310-78A9242EFD1D}",2016,164136
"{1FC8A8EF-FDF0-F3E9-D98B-31E18133CF79}",2016,66838
"{EEED6DA1-A074-FAE0-5ACD-0ED26ABC4EB6}",2016,104413
"{87E4ADE8-C6CB-A33F-09C1-7F8631D7F1F6}",2016,141645
"{E4E916BC-F08E-AB2C-B28B-05FBB83F5110}",2016,97436
"{2B71C6EB-D538-F1BB-79F5-ACC0A57C8B69}",2016,129901
"{B4AB9D4B-24AF-6624-911B-B375D22EB06E}",2016,62738
"{53F72819-192A-0A3E-FBCE-47AB4C5FEA9F}",2016,71935
"{F7E8CD73-A1D1-03F1-C6D7-F5A3ADBF3D83}",2016,109103
"{B4A9AF91-2A72-AA93-9CA8-0C7A1E3170A6}",2016,62469
"{B6AB17E6-46C2-2D36-8B87-2E0071D163B7}",2016,70651
"{7072BC74-2050-BB87-457E-A0C45AE44663}",2016,63272
"{2BAEDD19-1268-9673-A3F1-29B0877315F9}",2016,56262
"{9863A6CC-FB39-7878-DCCD-716D68CEBE8B}",2016,246968
"{268D7B74-BC5C-545F-6346-1927E85D46D2}",2016,171654
"{59AA93ED-B8CC-2537-8955-F746B83C50BB}",2016,143564
"{C4DFAFF5-6EDA-7B82-FF77-34E7BB65179C}",2016,127165
"{2E72FCEF-0CB8-014E-1D82-DF8192430959}",2016,176505
"{EF09CD9C-0183-8DA3-B26E-734C2382B5DF}",2016,126986
"{E1DBDD61-2A50-F47C-6604-6D029FCC988D}",2016,95187
"{F8CB9FB0-7561-2D35-C535-7D344294AB10}",2016,28205
"{04CBADAF-5577-E1AB-12F7-49CD628AA70F}",2016,134823
"{069B1B50-BB32-0C5A-DC20-C9643EC4583D}",2016,148624
"{5776BA94-E993-F553-EABB-C7CC9C6F720C}",2016,50512
"{93ED7B3E-69D3-EFEA-4F3C-FAE2FCF5942D}",2016,185516
"{C74E3F2F-9273-77E4-D32F-18E49E986DFB}",2016,122754
"{A62187E9-F3FA-ACE7-8AC0-2BC69D81265C}",2016,55445
"{DEFF95BC-485A-2A1C-55C3-995509683799}",2016,84376
"{3E6E48BD-05A7-0F34-DE7C-B878ACC40095}",2016,78032
"{D3FA85EF-2E9D-58A4-F901-D43E125BA5E1}",2016,155325
"{E2F9EDD5-426E-9AD6-4536-D3086FFACB64}",2016,373702
"{2C5DCBED-7D79-137A-EC0D-E20D7EF7B240}",2016,293234
"{0673C3E5-5534-6578-70F4-B6B48BA0D331}",2016,223720
"{90E99B68-AD16-6914-F66B-330143235446}",2016,144918
"{972FF67E-BBE9-D809-7E1A-843857954E8F}",2016,334675
"{2BE31D39-0728-34AB-CC03-D04C011A65FB}",2016,243286
"{C684E28A-2076-F333-984D-62F77E1DC5D6}",2016,135278
"{A1B69673-8D98-6C6C-C43E-0DE46ADC3705}",2016,205032
"{E1C50C1D-9E6D-C678-A720-26ED8993BAA8}",2016,295872
"{F3FD91AE-53FF-2611-E945-AFC9F45287E4}",2016,204984
"{2DD8AFBC-3518-A408-5715-26AB80A6402D}",2016,188771
"{3CB384C6-7C12-E4EE-94B0-AB6A15E27356}",2016,21149
"{CABC2F65-881C-579D-81CF-72CF984965F6}",2016,54514
"{B877E37C-25FB-FCAE-FA46-51D4057CEE02}",2016,75648
"{C88F984F-88B3-C2B1-D90A-7C567DE43629}",2016,41199
"{BF0B7EA9-968C-2951-62A3-17AC35A1717E}",2016,26559
"{BA300319-99F4-0980-B20D-BCAE8EFB718D}",2016,88642
"{AB6E0C95-5FBA-0678-0540-8596D07CAAC8}",2016,41272
"{93E672D1-436D-57E9-A6A4-E8BE7E57DD10}",2016,126316
"{546DEF31-FEC5-4A7E-0A31-D5A37776FCCB}",2016,70222
"{AAEA48AC-69B0-EB20-8BE5-FB0E73A5161A}",2016,134176
"{AC077A50-E6BD-7B23-2223-2B12B737E892}",2016,119625
"{D670AA2C-C858-0686-1867-E8F77F261839}",2016,118741
"{A29F284D-A6C5-7C41-1875-65A601E8B48C}",2016,105588
"{B67BF1D6-A4AD-896D-653D-2D77AFB58C51}",2016,102981
"{8B32C08C-D7BC-A11F-8086-84FC50663321}",2016,63403
"{FF5628E3-C9C5-9AEA-DDFA-101A34E6BFF0}",2016,58225
"{8A7FDA69-95E3-F888-18CA-70FC173DA65B}",2016,118691
"{184372BA-E4F6-6238-B7C8-2F181FA43CE6}",2016,143998
"{6987F929-3D64-F5AD-1D5F-E57E1B09948C}",2016,92898
"{B3133674-A14F-29BF-B69A-EC218907EA5C}",2016,99473
"{640775C4-017A-BD6A-19A3-0919EE16426E}",2016,59109
"{F0EA8B5A-603F-13A2-102E-0BAD4571C7F9}",2016,57473
"{6B918A41-7665-E609-88DD-847A87CBC3ED}",2016,71781
"{5934BCCD-E86E-FA75-4EFD-C719E6ADC2D8}",2016,135191
"{F61B35A9-CB3A-0D0C-ED55-44F971D4C92E}",2016,215971
"{F803917C-B918-D36A-FBD6-5B100AFE9B8A}",2016,70284
"{13BFF2E0-836B-84DA-2B73-240AB574BB7A}",2016,61063
"{98852C52-6DCD-1BA9-B18E-E7176A916C70}",2016,105705
"{AB4C85BC-CA7E-41D8-DBE4-F08F521DF234}",2016,106294
"{F957D325-1FD6-2666-6302-2CFD26C9CEDB}",2016,92803
"{83AE3D57-DAC6-47D2-2167-FA86AFC21369}",2016,148783
"{DD3E7F67-C86D-E89B-3C6B-B1611AA08BFA}",2016,165596
"{1F7F017E-7F1A-97AB-7487-43CB1ACD87F7}",2016,151223
"{87E5CA3A-CAA6-16DC-B6FB-807D0D14C8E2}",2016,147826
"{8867E2E4-0C4F-594C-1896-6D9A407C699E}",2016,53827
"{B57A2E7B-EAC1-DFAF-024A-B540595026D9}",2016,147032
"{6F992E1F-83F4-6045-247F-4B82EAB7F9C0}",2016,111557
"{6571F078-EEEF-15C4-9D43-23316F6FC66F}",2016,34388
"{1A372BED-B4DA-54DB-6113-9CB94D26D0BE}",2016,42753
"{3C257F82-1A63-6DA9-72B7-6C9E9A291610}",2016,169883
"{2343FCAE-B643-9255-4BDD-1DC4EADC151B}",2016,709128
"{FC6D9670-34A9-F0B6-7AFB-75C6D8202B03}",2016,85798
"{E3C58B58-8F60-A49E-A128-CFBD8FD83E39}",2016,36964
"{52B0AEF7-E254-2042-9658-2B598038635F}",2016,200286
"{F4B56789-3C84-DC23-56AD-322DE11031A0}",2016,213526
"{FBFE3CAC-1C80-1EBB-C5F4-76ABF9F780DA}",2016,58263
"{3DD24FF8-8EAD-6B7E-86B3-8556CB2FECED}",2016,32738
"{AD444ED3-D714-A13B-71D1-8B84A794A47E}",2016,220067
"{B00951B4-0D59-3EB9-5647-1E44EE8A780B}",2016,45606
"{1FFE14DC-FD03-BB67-D51C-9E897F988EC8}",2016,25389
"{396A6C70-D47C-E07A-FDD4-8B7F9D74FBD1}",2016,450269
"{B73D6092-14C9-CD04-3656-CC5231CF90B7}",2016,333853
"{D49E8668-4B7E-4302-D9C1-135D21B3B00B}",2016,373225
"{7045A7DA-1D9F-0A40-FA6C-8FE4094EE820}",2016,285664
"{54742F19-BFDB-CD66-74B7-E8C48CD89B90}",2016,258854
"{45A00F81-6D66-A1A6-7CBF-F2A7C6C3B422}",2016,515429
"{C1BFE035-05F1-5013-4523-C05B826CE7E7}",2016,616807
"{93822FAD-2514-4B69-64C2-1934A16B9513}",2016,289313
"{6688E903-C5A7-DBC0-1649-BCDF8B76A05C}",2016,274006
"{54CD979C-CF9D-6A65-567F-8976C9546137}",2017,79624
"{1854CE21-0D57-9748-D804-77E28CAD45C8}",2017,38098
"{91E025E5-7F78-2AE6-6790-52BA0D18544B}",2017,78763
"{8AF38330-E608-6D8E-F4D9-B025DBEFE44B}",2017,86660
"{CEE28573-3561-A1CC-59F8-437EA0FD5C03}",2017,111599
"{632250CE-B852-246A-56D9-8854C5EB8A4E}",2017,267019
"{338F9C39-8F3D-3B69-8F0E-B9A9AFF48586}",2017,182460
"{51A3C395-0B56-F669-F319-63A8E028D1BB}",2017,66109
"{CCB52CAA-8C23-69FA-32E9-19C34836C85F}",2017,127173
"{CAF8DD7F-909B-FB7E-77A6-2A77634A1EA1}",2017,92264
"{543D327D-3633-EAB8-FCCD-431891B04572}",2017,85996
"{86659364-E260-CE27-F770-58DB5D55790E}",2017,100458
"{0FBAD5A3-775C-8678-E90F-BA27C5A9B381}",2017,128810
"{39F1ECAF-AEF8-EF8A-8F79-2CC5895D95B1}",2017,92054
"{A7F442EF-01A1-A323-9AA1-7A2787023CBE}",2017,133215
"{093B85E1-925C-8019-BE7B-3DEAF4A9CB0F}",2017,80071
"{D84C16D5-5912-A8CB-EAAF-1AD4739D7209}",2017,107798
"{EE2F98B6-C94D-4FCF-FBC7-2206458F16FF}",2017,45407
"{E1B1337C-C89A-514B-9AED-D4642E34F222}",2017,56358
"{4BDC86BE-17C2-46F0-2F98-92DF1B11D314}",2017,76044
"{FE0042F9-FF5F-AD6B-EA9C-9C75A10AA758}",2017,76650
"{4E3BD2D3-D3B7-307E-101C-1021B6212713}",2017,126616
"{A384F76B-4ED5-9B93-4E1F-F25A2A8EAEBE}",2017,58792
"{D93DE023-F361-27CE-A0F3-CA85725D8AEA}",2017,265560
"{95DDCAC0-E6B6-2EEB-9A62-5DB14A07C613}",2017,79144
"{F2B9E252-5FEA-776C-DFD1-D93C48433657}",2017,94303
"{A40F2A23-5360-8621-4E8C-A0602FF855B8}",2017,192415
"{73542C20-B82D-945D-8731-852D755DE9DD}",2017,127366
"{01325AA0-BEA1-66FE-9B5C-88AA603382F3}",2017,188513
"{3297C203-C599-F2AE-F1AA-1868216527B9}",2017,144600
"{3579F526-2611-CB6A-0902-C0F4034D4164}",2017,82541
"{1AA3EBA2-8AA2-3ED3-6D5F-5136F9B26787}",2017,83924
"{ED5D5293-0EF2-D555-C2A5-3EE3B1F6D619}",2017,82334
"{270D1212-CC25-ABE5-AC82-ADD4C3E376B2}",2017,60898
"{7BD178E2-177C-7125-84DF-32B63BC0279A}",2017,92297
"{BA43EFE1-6A22-28B7-7FB2-361A9525679A}",2017,186509
"{F61C5B3B-50F7-B4C6-F33A-5643BB7423DB}",2017,113761
"{A7BD78F1-E58A-22D2-4F44-3EFEE9E64202}",2017,126317
"{F798CCF4-FC4C-F347-64B1-5994365B0594}",2017,80724
"{11B8EDBE-8460-1EC1-84A5-D7A98FF00A91}",2017,100748
"{9733751F-F79F-D984-2254-DF02E9DBCA2B}",2017,174352
"{80D9098A-1887-F8CA-F3F3-12338B4D96FA}",2017,53358
"{4641E2EF-DFF9-091E-C3C2-492964CA9EF5}",2017,652529
"{D23DADC7-D445-22D2-0648-79A7DD8CA1B4}",2017,78126
"{8B467210-5BD9-A44C-2FFF-DB55E879B135}",2017,84483
"{64CC73A3-502B-20AE-FCFE-F9A6EC5F1351}",2017,136494
"{D5BBD67A-CFA7-8A0B-38AA-DA1F82995C7B}",2017,238151
"{F78A6BB4-1969-0E34-7A98-0A446B50DB54}",2017,75389
"{A025C6B8-0E81-E5F8-4015-A8EC71F9B738}",2017,144070
"{ECE9D8ED-0F5D-CC8D-9AF2-B7C122D82E49}",2017,182140
"{1006FBA6-2EB4-5960-5C4B-6FBC0581A26A}",2017,123626
"{8288F8E8-D961-D47C-050F-65A65AA97F9D}",2017,86838
"{17F4009B-AEFB-B7C6-A52F-D6010698EDE9}",2017,106191
"{B8B6AFC0-66BC-6D0F-4AAC-D670FE7BCA9F}",2017,81401
"{3E53EDDE-CCD7-0E2E-7589-7184E6320E14}",2017,78723
"{040649D0-A0BA-C005-ADEF-90E3E4358730}",2017,59896
"{24583742-6987-D358-4587-C7C98370FCEF}",2017,353109
"{BFF8770D-356E-6292-8C34-0EEE58FB2BA4}",2017,96684
"{6E91C127-A888-E912-0483-08D35DE213A9}",2017,121595
"{F4903A19-350D-D84D-A882-F9654ED12BA2}",2017,153579
"{60E04965-3EC1-E787-2A99-F57E04489AEC}",2017,200486
"{2B736046-BEDC-DEF4-77A8-475FD27A1E64}",2017,87165
"{1FC2E6E7-1C9C-C1CC-9006-A4E84CC0F303}",2017,107451
"{6F6C5467-2864-ED2F-862C-D5213947E6AD}",2017,156731
"{7BAB2F56-875B-2ED6-4180-201269CED27E}",2017,128059
"{D81D3816-B218-65B6-DB52-A8E75DAD59C9}",2017,142308
"{E1EA480C-0BB2-57D0-87DB-FA3F71314F83}",2017,158666
"{EED6E019-9FD1-5609-EB4C-D3968EDD9F22}",2017,206845
"{E8AFFCCE-4403-83DE-6C80-80F38A3582A1}",2017,49960
"{263C1320-AF64-F3FF-ACE3-CEA489DFB3BC}",2017,98824
"{F459B361-8F01-B771-E54E-579E6ACACF12}",2017,85162
"{3E069B69-BF63-3D6A-6F86-E0282D3361EA}",2017,152785
"{B9AAB293-41E8-6FB2-EFBE-36507753EC65}",2017,123820
"{07BC4455-2DED-3E72-89F5-F1123A963742}",2017,74102
"{B7A85CB6-AAA4-B046-33D5-3EBB049D4198}",2017,105983
"{BDAFD028-A9C2-B5F4-9F4B-922D2C707631}",2017,98816
"{3F985DE4-8479-BB09-7357-E758AA3DE096}",2017,111390
"{A984BA1B-1216-2570-4BDD-EC3242A5C527}",2017,64101
"{9F150CC3-DCE9-8CEB-BF01-698F45485FBA}",2017,106161
"{1DF59397-D316-47A4-0FAC-94F3B8AC4AAD}",2017,362174
"{23D12364-9F00-5BD4-1434-A191B1663711}",2017,191729
"{E009A9D1-AEA9-39A9-24D1-0632A6F70389}",2017,122770
"{ABFA705B-9826-4AD9-B22B-98F9168CC263}",2017,48159
"{F7BCDB81-B0EC-973E-BD24-12FA7E89A631}",2017,465589
"{90DE9873-4EE6-9646-8B3C-27495B4EBB68}",2017,133315
"{8C17955C-1843-9259-82B8-33A2C96BB1F3}",2017,203513
"{6FBDCE79-EC46-FD41-452E-D4C8712B2030}",2017,158993
"{AD98692B-F153-163B-F60D-B2B80DDE3F28}",2017,109907
"{754D644E-5F65-8B1A-8684-7BD83BE3CE2D}",2017,121085
"{F0420255-9025-FC4C-C73F-FC6AC46A562D}",2017,160184
"{BBF3E52F-6F5B-58EF-17D6-83D78187BA8B}",2017,75336
"{475A43A7-610B-3F17-B315-CCFB6CDCB36D}",2017,61847
"{67630DFA-E36E-54E7-81F2-6F947A05AF9A}",2017,121480
"{37C13AAA-BAFF-F837-8413-D3645A296542}",2017,103631
"{A6983A1F-CFDC-86FB-A940-5AD2214B5619}",2017,167532
"{F55AD9DB-AD52-9CE0-384C-8D2F4A8667E2}",2017,79603
"{AABA75AA-084D-4C80-E3B4-14FD8E122E70}",2017,159634
"{B8FD0E1F-FC7F-4B45-8C7A-46E1A45CBD5D}",2017,104656
"{B84D3EAD-E68F-22AF-8DDF-150A40449DC2}",2017,110387
"{4CA34928-7026-6568-A40F-F2D39617C4BD}",2017,60053
"{1CDC78B6-2FD4-FCEC-F7E5-03DF39D3BECA}",2017,88114
"{4BEE6D8A-790F-56FA-DBD2-3C7FE695B48D}",2017,181183
"{3EFBC049-59F9-700F-C3E3-58A04586E734}",2017,221775
"{5770C716-0EB7-67E4-B78F-B5DFCAC3123B}",2017,106572
"{8172329C-68C5-F514-F708-CBCCFA5554C8}",2017,180946
"{249FBBC9-8AC8-0A5D-F92A-D1AB8F90C5F9}",2017,138078
"{A32A501F-1C4C-8F06-6756-9438CD7C6AD6}",2017,69549
"{F0935483-1609-A81E-216B-E07EEF62FB81}",2017,290465
"{E71EE0C1-9C7F-8333-7BB2-DE84EA41E0E2}",2017,47889
"{326D2AE2-EFC4-8961-28B6-F1D7A40745BA}",2017,129519
"{8046B1B8-931A-FFBE-B2B9-6C0D104B017D}",2017,182811
"{5E84877A-62F2-0210-B73F-4347AC9D5637}",2017,107768
"{B042BFE2-56C3-C9C2-6E73-0EE74DBDF7BA}",2017,95473
"{8FEF89A7-C9B1-4105-846E-517D1831E753}",2017,178044
"{72A5054A-14C5-E788-0FA2-1CD515993F0B}",2017,150470
"{5AD7EADD-CB00-64F6-A560-B5C76E461346}",2017,81989
"{76065785-7F52-48F1-EA8F-D03CE20FB736}",2017,51037
"{838D5543-BAFC-01EE-122D-8CC0E1298E25}",2017,182748
"{55522CA9-4849-A0E8-4E59-BA77B367813E}",2017,65009
"{968CB96D-2ABE-5097-05C0-682A7C172FFD}",2017,79792
"{B1BAED53-F797-D8F1-B425-90210D3DA3C7}",2017,230662
"{AF49A0FE-DBD8-3810-C8F1-2353D8F1D60A}",2017,127560
"{1DF26257-FC2B-084F-DD57-3B9883EF9F66}",2017,74771
"{75A37830-0558-3268-4797-6A5EA2C0A58B}",2017,108645
"{9D12F9E2-79B3-AA71-2805-4DE51BE1108C}",2017,123092
"{3931DFDE-BB23-726B-EFFF-EF0815238E92}",2017,212399
"{9BD484C4-8AD8-68AB-CAE1-0EDD0113F635}",2017,106076
"{D21C2C41-F765-AA1B-3397-5BB285B01694}",2017,188475
"{9690494B-44EF-65B3-446A-56B4ED4FD5D4}",2017,117150
"{5ECCDEC5-9359-9717-B387-6A189FB6ED2F}",2017,273203
"{E56B8F01-8BDB-3B02-8C45-6B5C6932B058}",2017,135301
"{89245E9C-9A0D-1370-F9A3-086F554ED07B}",2017,57112
"{9A5460F3-DF99-8110-92E8-1F0BC7426DD2}",2017,155143
"{AD794FA4-F8F0-BB95-08A8-398D022BF137}",2017,86546
"{E2074C04-BB16-A038-B440-48104CE6410C}",2017,93050
"{DD0D5BEE-00F0-5B05-3FC9-F6A39D0EC4E0}",2017,127641
"{415C93A7-A51D-1FF9-C310-78A9242EFD1D}",2017,167377
"{1FC8A8EF-FDF0-F3E9-D98B-31E18133CF79}",2017,68157
"{EEED6DA1-A074-FAE0-5ACD-0ED26ABC4EB6}",2017,106517
"{87E4ADE8-C6CB-A33F-09C1-7F8631D7F1F6}",2017,144686
"{E4E916BC-F08E-AB2C-B28B-05FBB83F5110}",2017,99370
"{2B71C6EB-D538-F1BB-79F5-ACC0A57C8B69}",2017,132527
"{B4AB9D4B-24AF-6624-911B-B375D22EB06E}",2017,63938
"{53F72819-192A-0A3E-FBCE-47AB4C5FEA9F}",2017,73335
"{F7E8CD73-A1D1-03F1-C6D7-F5A3ADBF3D83}",2017,111238
"{B4A9AF91-2A72-AA93-9CA8-0C7A1E3170A6}",2017,63658
"{B6AB17E6-46C2-2D36-8B87-2E0071D163B7}",2017,72020
"{7072BC74-2050-BB87-457E-A0C45AE44663}",2017,64534
"{2BAEDD19-1268-9673-A3F1-29B0877315F9}",2017,57260
"{9863A6CC-FB39-7878-DCCD-716D68CEBE8B}",2017,252017
"{268D7B74-BC5C-545F-6346-1927E85D46D2}",2017,175118
"{59AA93ED-B8CC-2537-8955-F746B83C50BB}",2017,146390
"{C4DFAFF5-6EDA-7B82-FF77-34E7BB65179C}",2017,129886
"{2E72FCEF-0CB8-014E-1D82-DF8192430959}",2017,180040
"{EF09CD9C-0183-8DA3-B26E-734C2382B5DF}",2017,129079
"{E1DBDD61-2A50-F47C-6604-6D029FCC988D}",2017,96977
"{F8CB9FB0-7561-2D35-C535-7D344294AB10}",2017,28741
"{04CBADAF-5577-E1AB-12F7-49CD628AA70F}",2017,137499
"{069B1B50-BB32-0C5A-DC20-C9643EC4583D}",2017,151385
"{5776BA94-E993-F553-EABB-C7CC9C6F720C}",2017,51475
"{93ED7B3E-69D3-EFEA-4F3C-FAE2FCF5942D}",2017,189232
"{C74E3F2F-9273-77E4-D32F-18E49E986DFB}",2017,125120
"{A62187E9-F3FA-ACE7-8AC0-2BC69D81265C}",2017,56505
"{DEFF95BC-485A-2A1C-55C3-995509683799}",2017,86011
"{3E6E48BD-05A7-0F34-DE7C-B878ACC40095}",2017,79546
"{D3FA85EF-2E9D-58A4-F901-D43E125BA5E1}",2017,158303
"{E2F9EDD5-426E-9AD6-4536-D3086FFACB64}",2017,382398
"{2C5DCBED-7D79-137A-EC0D-E20D7EF7B240}",2017,302890
"{0673C3E5-5534-6578-70F4-B6B48BA0D331}",2017,231050
"{90E99B68-AD16-6914-F66B-330143235446}",2017,149685
"{972FF67E-BBE9-D809-7E1A-843857954E8F}",2017,345750
"{2BE31D39-0728-34AB-CC03-D04C011A65FB}",2017,251320
"{C684E28A-2076-F333-984D-62F77E1DC5D6}",2017,139739
"{A1B69673-8D98-6C6C-C43E-0DE46ADC3705}",2017,211806
"{E1C50C1D-9E6D-C678-A720-26ED8993BAA8}",2017,305661
"{F3FD91AE-53FF-2611-E945-AFC9F45287E4}",2017,211719
"{2DD8AFBC-3518-A408-5715-26AB80A6402D}",2017,194998
"{3CB384C6-7C12-E4EE-94B0-AB6A15E27356}",2017,21845
"{CABC2F65-881C-579D-81CF-72CF984965F6}",2017,56298
"{B877E37C-25FB-FCAE-FA46-51D4057CEE02}",2017,78093
"{C88F984F-88B3-C2B1-D90A-7C567DE43629}",2017,42550
"{BF0B7EA9-968C-2951-62A3-17AC35A1717E}",2017,27441
"{BA300319-99F4-0980-B20D-BCAE8EFB718D}",2017,91560
"{AB6E0C95-5FBA-0678-0540-8596D07CAAC8}",2017,42627
"{93E672D1-436D-57E9-A6A4-E8BE7E57DD10}",2017,130339
"{546DEF31-FEC5-4A7E-0A31-D5A37776FCCB}",2017,72454
"{AAEA48AC-69B0-EB20-8BE5-FB0E73A5161A}",2017,138381
"{AC077A50-E6BD-7B23-2223-2B12B737E892}",2017,123368
"{D670AA2C-C858-0686-1867-E8F77F261839}",2017,122462
"{A29F284D-A6C5-7C41-1875-65A601E8B48C}",2017,109170
"{B67BF1D6-A4AD-896D-653D-2D77AFB58C51}",2017,106468
"{8B32C08C-D7BC-A11F-8086-84FC50663321}",2017,65551
"{FF5628E3-C9C5-9AEA-DDFA-101A34E6BFF0}",2017,60193
"{8A7FDA69-95E3-F888-18CA-70FC173DA65B}",2017,122410
"{184372BA-E4F6-6238-B7C8-2F181FA43CE6}",2017,148507
"{6987F929-3D64-F5AD-1D5F-E57E1B09948C}",2017,95807
"{B3133674-A14F-29BF-B69A-EC218907EA5C}",2017,102544
"{640775C4-017A-BD6A-19A3-0919EE16426E}",2017,60939
"{F0EA8B5A-603F-13A2-102E-0BAD4571C7F9}",2017,59248
"{6B918A41-7665-E609-88DD-847A87CBC3ED}",2017,74023
"{5934BCCD-E86E-FA75-4EFD-C719E6ADC2D8}",2017,139408
"{F61B35A9-CB3A-0D0C-ED55-44F971D4C92E}",2017,222738
"{F803917C-B918-D36A-FBD6-5B100AFE9B8A}",2017,72488
"{13BFF2E0-836B-84DA-2B73-240AB574BB7A}",2017,62982
"{98852C52-6DCD-1BA9-B18E-E7176A916C70}",2017,109018
"{AB4C85BC-CA7E-41D8-DBE4-F08F521DF234}",2017,109640
"{F957D325-1FD6-2666-6302-2CFD26C9CEDB}",2017,95726
"{83AE3D57-DAC6-47D2-2167-FA86AFC21369}",2017,153483
"{DD3E7F67-C86D-E89B-3C6B-B1611AA08BFA}",2017,170798
"{1F7F017E-7F1A-97AB-7487-43CB1ACD87F7}",2017,155935
"{87E5CA3A-CAA6-16DC-B6FB-807D0D14C8E2}",2017,152447
"{8867E2E4-0C4F-594C-1896-6D9A407C699E}",2017,55506
"{B57A2E7B-EAC1-DFAF-024A-B540595026D9}",2017,151632
"{6F992E1F-83F4-6045-247F-4B82EAB7F9C0}",2017,115036
"{6571F078-EEEF-15C4-9D43-23316F6FC66F}",2017,35465
"{1A372BED-B4DA-54DB-6113-9CB94D26D0BE}",2017,44092
"{3C257F82-1A63-6DA9-72B7-6C9E9A291610}",2017,175184
"{2343FCAE-B643-9255-4BDD-1DC4EADC151B}",2017,731302
"{FC6D9670-34A9-F0B6-7AFB-75C6D8202B03}",2017,88430
"{E3C58B58-8F60-A49E-A128-CFBD8FD83E39}",2017,38089
"{52B0AEF7-E254-2042-9658-2B598038635F}",2017,206549
"{F4B56789-3C84-DC23-56AD-322DE11031A0}",2017,220185
"{FBFE3CAC-1C80-1EBB-C5F4-76ABF9F780DA}",2017,60083
"{3DD24FF8-8EAD-6B7E-86B3-8556CB2FECED}",2017,33744
"{AD444ED3-D714-A13B-71D1-8B84A794A47E}",2017,226984
"{B00951B4-0D59-3EB9-5647-1E44EE8A780B}",2017,47026
"{1FFE14DC-FD03-BB67-D51C-9E897F988EC8}",2017,26177
"{396A6C70-D47C-E07A-FDD4-8B7F9D74FBD1}",2017,464365
"{B73D6092-14C9-CD04-3656-CC5231CF90B7}",2017,344212
"{D49E8668-4B7E-4302-D9C1-135D21B3B00B}",2017,384908
"{7045A7DA-1D9F-0A40-FA6C-8FE4094EE820}",2017,294599
"{54742F19-BFDB-CD66-74B7-E8C48CD89B90}",2017,266726
"{45A00F81-6D66-A1A6-7CBF-F2A7C6C3B422}",2017,531306
"{C1BFE035-05F1-5013-4523-C05B826CE7E7}",2017,640391
"{93822FAD-2514-4B69-64C2-1934A16B9513}",2017,300311
"{6688E903-C5A7-DBC0-1649-BCDF8B76A05C}",2017,284446
"{54CD979C-CF9D-6A65-567F-8976C9546137}",2018,81096
"{1854CE21-0D57-9748-D804-77E28CAD45C8}",2018,38819
"{91E025E5-7F78-2AE6-6790-52BA0D18544B}",2018,80518
"{8AF38330-E608-6D8E-F4D9-B025DBEFE44B}",2018,88161
"{CEE28573-3561-A1CC-59F8-437EA0FD5C03}",2018,113629
"{632250CE-B852-246A-56D9-8854C5EB8A4E}",2018,271641
"{338F9C39-8F3D-3B69-8F0E-B9A9AFF48586}",2018,185636
"{51A3C395-0B56-F669-F319-63A8E028D1BB}",2018,67252
"{CCB52CAA-8C23-69FA-32E9-19C34836C85F}",2018,129399
"{CAF8DD7F-909B-FB7E-77A6-2A77634A1EA1}",2018,93865
"{543D327D-3633-EAB8-FCCD-431891B04572}",2018,87397
"{86659364-E260-CE27-F770-58DB5D55790E}",2018,102116
"{0FBAD5A3-775C-8678-E90F-BA27C5A9B381}",2018,131147
"{39F1ECAF-AEF8-EF8A-8F79-2CC5895D95B1}",2018,93662
"{A7F442EF-01A1-A323-9AA1-7A2787023CBE}",2018,135817
"{093B85E1-925C-8019-BE7B-3DEAF4A9CB0F}",2018,81484
"{D84C16D5-5912-A8CB-EAAF-1AD4739D7209}",2018,109677
"{EE2F98B6-C94D-4FCF-FBC7-2206458F16FF}",2018,46150
"{E1B1337C-C89A-514B-9AED-D4642E34F222}",2018,57372
"{4BDC86BE-17C2-46F0-2F98-92DF1B11D314}",2018,77434
"{FE0042F9-FF5F-AD6B-EA9C-9C75A10AA758}",2018,78018
"{4E3BD2D3-D3B7-307E-101C-1021B6212713}",2018,128597
"{A384F76B-4ED5-9B93-4E1F-F25A2A8EAEBE}",2018,59850
"{D93DE023-F361-27CE-A0F3-CA85725D8AEA}",2018,270259
"{95DDCAC0-E6B6-2EEB-9A62-5DB14A07C613}",2018,80529
"{F2B9E252-5FEA-776C-DFD1-D93C48433657}",2018,96115
"{A40F2A23-5360-8621-4E8C-A0602FF855B8}",2018,195471
"{73542C20-B82D-945D-8731-852D755DE9DD}",2018,129651
"{01325AA0-BEA1-66FE-9B5C-88AA603382F3}",2018,192347
"{3297C203-C599-F2AE-F1AA-1868216527B9}",2018,147056
"{3579F526-2611-CB6A-0902-C0F4034D4164}",2018,83763
"{1AA3EBA2-8AA2-3ED3-6D5F-5136F9B26787}",2018,85399
"{ED5D5293-0EF2-D555-C2A5-3EE3B1F6D619}",2018,83786
"{270D1212-CC25-ABE5-AC82-ADD4C3E376B2}",2018,61739
"{7BD178E2-177C-7125-84DF-32B63BC0279A}",2018,93779
"{BA43EFE1-6A22-28B7-7FB2-361A9525679A}",2018,189920
"{F61C5B3B-50F7-B4C6-F33A-5643BB7423DB}",2018,115938
"{A7BD78F1-E58A-22D2-4F44-3EFEE9E64202}",2018,128477
"{F798CCF4-FC4C-F347-64B1-5994365B0594}",2018,82088
"{11B8EDBE-8460-1EC1-84A5-D7A98FF00A91}",2018,102433
"{9733751F-F79F-D984-2254-DF02E9DBCA2B}",2018,177124
"{80D9098A-1887-F8CA-F3F3-12338B4D96FA}",2018,54252
"{4641E2EF-DFF9-091E-C3C2-492964CA9EF5}",2018,665095
"{D23DADC7-D445-22D2-0648-79A7DD8CA1B4}",2018,79310
"{8B467210-5BD9-A44C-2FFF-DB55E879B135}",2018,85995
"{64CC73A3-502B-20AE-FCFE-F9A6EC5F1351}",2018,139002
"{D5BBD67A-CFA7-8A0B-38AA-DA1F82995C7B}",2018,242359
"{F78A6BB4-1969-0E34-7A98-0A446B50DB54}",2018,76434
"{A025C6B8-0E81-E5F8-4015-A8EC71F9B738}",2018,146619
"{ECE9D8ED-0F5D-CC8D-9AF2-B7C122D82E49}",2018,185706
"{1006FBA6-2EB4-5960-5C4B-6FBC0581A26A}",2018,126043
"{8288F8E8-D961-D47C-050F-65A65AA97F9D}",2018,88144
"{17F4009B-AEFB-B7C6-A52F-D6010698EDE9}",2018,108071
"{B8B6AFC0-66BC-6D0F-4AAC-D670FE7BCA9F}",2018,82831
"{3E53EDDE-CCD7-0E2E-7589-7184E6320E14}",2018,80183
"{040649D0-A0BA-C005-ADEF-90E3E4358730}",2018,60853
"{24583742-6987-D358-4587-C7C98370FCEF}",2018,359061
"{BFF8770D-356E-6292-8C34-0EEE58FB2BA4}",2018,98408
"{6E91C127-A888-E912-0483-08D35DE213A9}",2018,123754
"{F4903A19-350D-D84D-A882-F9654ED12BA2}",2018,156269
"{60E04965-3EC1-E787-2A99-F57E04489AEC}",2018,204187
"{2B736046-BEDC-DEF4-77A8-475FD27A1E64}",2018,88707
"{1FC2E6E7-1C9C-C1CC-9006-A4E84CC0F303}",2018,109293
"{6F6C5467-2864-ED2F-862C-D5213947E6AD}",2018,159429
"{7BAB2F56-875B-2ED6-4180-201269CED27E}",2018,130195
"{D81D3816-B218-65B6-DB52-A8E75DAD59C9}",2018,144777
"{E1EA480C-0BB2-57D0-87DB-FA3F71314F83}",2018,161337
"{EED6E019-9FD1-5609-EB4C-D3968EDD9F22}",2018,210481
"{E8AFFCCE-4403-83DE-6C80-80F38A3582A1}",2018,50898
"{263C1320-AF64-F3FF-ACE3-CEA489DFB3BC}",2018,100546
"{F459B361-8F01-B771-E54E-579E6ACACF12}",2018,86745
"{3E069B69-BF63-3D6A-6F86-E0282D3361EA}",2018,155221
"{B9AAB293-41E8-6FB2-EFBE-36507753EC65}",2018,126015
"{07BC4455-2DED-3E72-89F5-F1123A963742}",2018,75450
"{B7A85CB6-AAA4-B046-33D5-3EBB049D4198}",2018,107727
"{BDAFD028-A9C2-B5F4-9F4B-922D2C707631}",2018,100456
"{3F985DE4-8479-BB09-7357-E758AA3DE096}",2018,113329
"{A984BA1B-1216-2570-4BDD-EC3242A5C527}",2018,65173
"{9F150CC3-DCE9-8CEB-BF01-698F45485FBA}",2018,108003
"{1DF59397-D316-47A4-0FAC-94F3B8AC4AAD}",2018,368883
"{23D12364-9F00-5BD4-1434-A191B1663711}",2018,195068
"{E009A9D1-AEA9-39A9-24D1-0632A6F70389}",2018,124972
"{ABFA705B-9826-4AD9-B22B-98F9168CC263}",2018,48899
"{F7BCDB81-B0EC-973E-BD24-12FA7E89A631}",2018,473885
"{90DE9873-4EE6-9646-8B3C-27495B4EBB68}",2018,135596
"{8C17955C-1843-9259-82B8-33A2C96BB1F3}",2018,207107
"{6FBDCE79-EC46-FD41-452E-D4C8712B2030}",2018,161778
"{AD98692B-F153-163B-F60D-B2B80DDE3F28}",2018,111823
"{754D644E-5F65-8B1A-8684-7BD83BE3CE2D}",2018,123358
"{F0420255-9025-FC4C-C73F-FC6AC46A562D}",2018,163041
"{BBF3E52F-6F5B-58EF-17D6-83D78187BA8B}",2018,76632
"{475A43A7-610B-3F17-B315-CCFB6CDCB36D}",2018,62935
"{67630DFA-E36E-54E7-81F2-6F947A05AF9A}",2018,123652
"{37C13AAA-BAFF-F837-8413-D3645A296542}",2018,105486
"{A6983A1F-CFDC-86FB-A940-5AD2214B5619}",2018,170513
"{F55AD9DB-AD52-9CE0-384C-8D2F4A8667E2}",2018,80985
"{AABA75AA-084D-4C80-E3B4-14FD8E122E70}",2018,162466
"{B8FD0E1F-FC7F-4B45-8C7A-46E1A45CBD5D}",2018,106481
"{B84D3EAD-E68F-22AF-8DDF-150A40449DC2}",2018,112226
"{4CA34928-7026-6568-A40F-F2D39617C4BD}",2018,61224
"{1CDC78B6-2FD4-FCEC-F7E5-03DF39D3BECA}",2018,89653
"{4BEE6D8A-790F-56FA-DBD2-3C7FE695B48D}",2018,184378
"{3EFBC049-59F9-700F-C3E3-58A04586E734}",2018,225531
"{5770C716-0EB7-67E4-B78F-B5DFCAC3123B}",2018,108457
"{8172329C-68C5-F514-F708-CBCCFA5554C8}",2018,184122
"{249FBBC9-8AC8-0A5D-F92A-D1AB8F90C5F9}",2018,140544
"{A32A501F-1C4C-8F06-6756-9438CD7C6AD6}",2018,70752
"{F0935483-1609-A81E-216B-E07EEF62FB81}",2018,295604
"{E71EE0C1-9C7F-8333-7BB2-DE84EA41E0E2}",2018,48718
"{326D2AE2-EFC4-8961-28B6-F1D7A40745BA}",2018,131723
"{8046B1B8-931A-FFBE-B2B9-6C0D104B017D}",2018,186057
"{5E84877A-62F2-0210-B73F-4347AC9D5637}",2018,109671
"{B042BFE2-56C3-C9C2-6E73-0EE74DBDF7BA}",2018,97110
"{8FEF89A7-C9B1-4105-846E-517D1831E753}",2018,181191
"{72A5054A-14C5-E788-0FA2-1CD515993F0B}",2018,153263
"{5AD7EADD-CB00-64F6-A560-B5C76E461346}",2018,83391
"{76065785-7F52-48F1-EA8F-D03CE20FB736}",2018,51918
"{838D5543-BAFC-01EE-122D-8CC0E1298E25}",2018,186028
"{55522CA9-4849-A0E8-4E59-BA77B367813E}",2018,66161
"{968CB96D-2ABE-5097-05C0-682A7C172FFD}",2018,81094
"{B1BAED53-F797-D8F1-B425-90210D3DA3C7}",2018,234699
"{AF49A0FE-DBD8-3810-C8F1-2353D8F1D60A}",2018,129760
"{1DF26257-FC2B-084F-DD57-3B9883EF9F66}",2018,76055
"{75A37830-0558-3268-4797-6A5EA2C0A58B}",2018,110600
"{9D12F9E2-79B3-AA71-2805-4DE51BE1108C}",2018,125363
"{3931DFDE-BB23-726B-EFFF-EF0815238E92}",2018,216203
"{9BD484C4-8AD8-68AB-CAE1-0EDD0113F635}",2018,107909
"{D21C2C41-F765-AA1B-3397-5BB285B01694}",2018,191829
"{9690494B-44EF-65B3-446A-56B4ED4FD5D4}",2018,118917
"{5ECCDEC5-9359-9717-B387-6A189FB6ED2F}",2018,277948
"{E56B8F01-8BDB-3B02-8C45-6B5C6932B058}",2018,137705
"{89245E9C-9A0D-1370-F9A3-086F554ED07B}",2018,58197
"{9A5460F3-DF99-8110-92E8-1F0BC7426DD2}",2018,157866
"{AD794FA4-F8F0-BB95-08A8-398D022BF137}",2018,88075
"{E2074C04-BB16-A038-B440-48104CE6410C}",2018,94637
"{DD0D5BEE-00F0-5B05-3FC9-F6A39D0EC4E0}",2018,129822
"{415C93A7-A51D-1FF9-C310-78A9242EFD1D}",2018,170183
"{1FC8A8EF-FDF0-F3E9-D98B-31E18133CF79}",2018,69326
"{EEED6DA1-A074-FAE0-5ACD-0ED26ABC4EB6}",2018,108314
"{87E4ADE8-C6CB-A33F-09C1-7F8631D7F1F6}",2018,147507
"{E4E916BC-F08E-AB2C-B28B-05FBB83F5110}",2018,101152
"{2B71C6EB-D538-F1BB-79F5-ACC0A57C8B69}",2018,134979
"{B4AB9D4B-24AF-6624-911B-B375D22EB06E}",2018,65014
"{53F72819-192A-0A3E-FBCE-47AB4C5FEA9F}",2018,74606
"{F7E8CD73-A1D1-03F1-C6D7-F5A3ADBF3D83}",2018,113166
"{B4A9AF91-2A72-AA93-9CA8-0C7A1E3170A6}",2018,64716
"{B6AB17E6-46C2-2D36-8B87-2E0071D163B7}",2018,73345
"{7072BC74-2050-BB87-457E-A0C45AE44663}",2018,65664
"{2BAEDD19-1268-9673-A3F1-29B0877315F9}",2018,58138
"{9863A6CC-FB39-7878-DCCD-716D68CEBE8B}",2018,256577
"{268D7B74-BC5C-545F-6346-1927E85D46D2}",2018,178259
"{59AA93ED-B8CC-2537-8955-F746B83C50BB}",2018,148970
"{C4DFAFF5-6EDA-7B82-FF77-34E7BB65179C}",2018,132292
"{2E72FCEF-0CB8-014E-1D82-DF8192430959}",2018,183194
"{EF09CD9C-0183-8DA3-B26E-734C2382B5DF}",2018,130985
"{E1DBDD61-2A50-F47C-6604-6D029FCC988D}",2018,98667
"{F8CB9FB0-7561-2D35-C535-7D344294AB10}",2018,29167
"{04CBADAF-5577-E1AB-12F7-49CD628AA70F}",2018,139813
"{069B1B50-BB32-0C5A-DC20-C9643EC4583D}",2018,153938
"{5776BA94-E993-F553-EABB-C7CC9C6F720C}",2018,52280
"{93ED7B3E-69D3-EFEA-4F3C-FAE2FCF5942D}",2018,192615
"{C74E3F2F-9273-77E4-D32F-18E49E986DFB}",2018,127264
"{A62187E9-F3FA-ACE7-8AC0-2BC69D81265C}",2018,57460
"{DEFF95BC-485A-2A1C-55C3-995509683799}",2018,87409
"{3E6E48BD-05A7-0F34-DE7C-B878ACC40095}",2018,80912
"{D3FA85EF-2E9D-58A4-F901-D43E125BA5E1}",2018,161093
"{E2F9EDD5-426E-9AD6-4536-D3086FFACB64}",2018,390309
"{2C5DCBED-7D79-137A-EC0D-E20D7EF7B240}",2018,312307
"{0673C3E5-5534-6578-70F4-B6B48BA0D331}",2018,238219
"{90E99B68-AD16-6914-F66B-330143235446}",2018,154342
"{972FF67E-BBE9-D809-7E1A-843857954E8F}",2018,356565
"{2BE31D39-0728-34AB-CC03-D04C011A65FB}",2018,259147
"{C684E28A-2076-F333-984D-62F77E1DC5D6}",2018,144082
"{A1B69673-8D98-6C6C-C43E-0DE46ADC3705}",2018,218411
"{E1C50C1D-9E6D-C678-A720-26ED8993BAA8}",2018,315210
"{F3FD91AE-53FF-2611-E945-AFC9F45287E4}",2018,218293
"{2DD8AFBC-3518-A408-5715-26AB80A6402D}",2018,201073
"{3CB384C6-7C12-E4EE-94B0-AB6A15E27356}",2018,22523
"{CABC2F65-881C-579D-81CF-72CF984965F6}",2018,58040
"{B877E37C-25FB-FCAE-FA46-51D4057CEE02}",2018,80465
"{C88F984F-88B3-C2B1-D90A-7C567DE43629}",2018,43867
"{BF0B7EA9-968C-2951-62A3-17AC35A1717E}",2018,28298
"{BA300319-99F4-0980-B20D-BCAE8EFB718D}",2018,94414
"{AB6E0C95-5FBA-0678-0540-8596D07CAAC8}",2018,43949
"{93E672D1-436D-57E9-A6A4-E8BE7E57DD10}",2018,134450
"{546DEF31-FEC5-4A7E-0A31-D5A37776FCCB}",2018,74733
"{AAEA48AC-69B0-EB20-8BE5-FB0E73A5161A}",2018,142659
"{AC077A50-E6BD-7B23-2223-2B12B737E892}",2018,127178
"{D670AA2C-C858-0686-1867-E8F77F261839}",2018,126249
"{A29F284D-A6C5-7C41-1875-65A601E8B48C}",2018,112852
"{B67BF1D6-A4AD-896D-653D-2D77AFB58C51}",2018,110050
"{8B32C08C-D7BC-A11F-8086-84FC50663321}",2018,67758
"{FF5628E3-C9C5-9AEA-DDFA-101A34E6BFF0}",2018,62216
"{8A7FDA69-95E3-F888-18CA-70FC173DA65B}",2018,126198
"{184372BA-E4F6-6238-B7C8-2F181FA43CE6}",2018,153100
"{6987F929-3D64-F5AD-1D5F-E57E1B09948C}",2018,98770
"{B3133674-A14F-29BF-B69A-EC218907EA5C}",2018,105664
"{640775C4-017A-BD6A-19A3-0919EE16426E}",2018,62798
"{F0EA8B5A-603F-13A2-102E-0BAD4571C7F9}",2018,61053
"{6B918A41-7665-E609-88DD-847A87CBC3ED}",2018,76303
"{5934BCCD-E86E-FA75-4EFD-C719E6ADC2D8}",2018,143698
"{F61B35A9-CB3A-0D0C-ED55-44F971D4C92E}",2018,229631
"{F803917C-B918-D36A-FBD6-5B100AFE9B8A}",2018,74727
"{13BFF2E0-836B-84DA-2B73-240AB574BB7A}",2018,64932
"{98852C52-6DCD-1BA9-B18E-E7176A916C70}",2018,112384
"{AB4C85BC-CA7E-41D8-DBE4-F08F521DF234}",2018,113044
"{F957D325-1FD6-2666-6302-2CFD26C9CEDB}",2018,98699
"{83AE3D57-DAC6-47D2-2167-FA86AFC21369}",2018,158245
"{DD3E7F67-C86D-E89B-3C6B-B1611AA08BFA}",2018,176093
"{1F7F017E-7F1A-97AB-7487-43CB1ACD87F7}",2018,160722
"{87E5CA3A-CAA6-16DC-B6FB-807D0D14C8E2}",2018,157143
"{8867E2E4-0C4F-594C-1896-6D9A407C699E}",2018,57212
"{B57A2E7B-EAC1-DFAF-024A-B540595026D9}",2018,156313
"{6F992E1F-83F4-6045-247F-4B82EAB7F9C0}",2018,118575
"{6571F078-EEEF-15C4-9D43-23316F6FC66F}",2018,36557
"{1A372BED-B4DA-54DB-6113-9CB94D26D0BE}",2018,45454
"{3C257F82-1A63-6DA9-72B7-6C9E9A291610}",2018,180574
"{2343FCAE-B643-9255-4BDD-1DC4EADC151B}",2018,753849
"{FC6D9670-34A9-F0B6-7AFB-75C6D8202B03}",2018,91106
"{E3C58B58-8F60-A49E-A128-CFBD8FD83E39}",2018,39233
"{52B0AEF7-E254-2042-9658-2B598038635F}",2018,212912
"{F4B56789-3C84-DC23-56AD-322DE11031A0}",2018,226954
"{FBFE3CAC-1C80-1EBB-C5F4-76ABF9F780DA}",2018,61933
"{3DD24FF8-8EAD-6B7E-86B3-8556CB2FECED}",2018,34767
"{AD444ED3-D714-A13B-71D1-8B84A794A47E}",2018,234016
"{B00951B4-0D59-3EB9-5647-1E44EE8A780B}",2018,48471
"{1FFE14DC-FD03-BB67-D51C-9E897F988EC8}",2018,26979
"{396A6C70-D47C-E07A-FDD4-8B7F9D74FBD1}",2018,478164
"{B73D6092-14C9-CD04-3656-CC5231CF90B7}",2018,354313
"{D49E8668-4B7E-4302-D9C1-135D21B3B00B}",2018,396345
"{7045A7DA-1D9F-0A40-FA6C-8FE4094EE820}",2018,303354
"{54742F19-BFDB-CD66-74B7-E8C48CD89B90}",2018,274395
"{45A00F81-6D66-A1A6-7CBF-F2A7C6C3B422}",2018,546835
"{C1BFE035-05F1-5013-4523-C05B826CE7E7}",2018,663894
"{93822FAD-2514-4B69-64C2-1934A16B9513}",2018,311266
"{6688E903-C5A7-DBC0-1649-BCDF8B76A05C}",2018,294851
"{54CD979C-CF9D-6A65-567F-8976C9546137}",2019,82392
"{1854CE21-0D57-9748-D804-77E28CAD45C8}",2019,39471
"{91E025E5-7F78-2AE6-6790-52BA0D18544B}",2019,81964
"{8AF38330-E608-6D8E-F4D9-B025DBEFE44B}",2019,89392
"{CEE28573-3561-A1CC-59F8-437EA0FD5C03}",2019,115435
"{632250CE-B852-246A-56D9-8854C5EB8A4E}",2019,275751
"{338F9C39-8F3D-3B69-8F0E-B9A9AFF48586}",2019,188429
"{51A3C395-0B56-F669-F319-63A8E028D1BB}",2019,68261
"{CCB52CAA-8C23-69FA-32E9-19C34836C85F}",2019,131365
"{CAF8DD7F-909B-FB7E-77A6-2A77634A1EA1}",2019,95277
"{543D327D-3633-EAB8-FCCD-431891B04572}",2019,88606
"{86659364-E260-CE27-F770-58DB5D55790E}",2019,103540
"{0FBAD5A3-775C-8678-E90F-BA27C5A9B381}",2019,133235
"{39F1ECAF-AEF8-EF8A-8F79-2CC5895D95B1}",2019,95097
"{A7F442EF-01A1-A323-9AA1-7A2787023CBE}",2019,138171
"{093B85E1-925C-8019-BE7B-3DEAF4A9CB0F}",2019,82762
"{D84C16D5-5912-A8CB-EAAF-1AD4739D7209}",2019,111324
"{EE2F98B6-C94D-4FCF-FBC7-2206458F16FF}",2019,46773
"{E1B1337C-C89A-514B-9AED-D4642E34F222}",2019,58269
"{4BDC86BE-17C2-46F0-2F98-92DF1B11D314}",2019,78629
"{FE0042F9-FF5F-AD6B-EA9C-9C75A10AA758}",2019,79162
"{4E3BD2D3-D3B7-307E-101C-1021B6212713}",2019,130390
"{A384F76B-4ED5-9B93-4E1F-F25A2A8EAEBE}",2019,60786
"{D93DE023-F361-27CE-A0F3-CA85725D8AEA}",2019,274399
"{95DDCAC0-E6B6-2EEB-9A62-5DB14A07C613}",2019,81754
"{F2B9E252-5FEA-776C-DFD1-D93C48433657}",2019,97735
"{A40F2A23-5360-8621-4E8C-A0602FF855B8}",2019,198243
"{73542C20-B82D-945D-8731-852D755DE9DD}",2019,131762
"{01325AA0-BEA1-66FE-9B5C-88AA603382F3}",2019,195664
"{3297C203-C599-F2AE-F1AA-1868216527B9}",2019,149227
"{3579F526-2611-CB6A-0902-C0F4034D4164}",2019,84883
"{1AA3EBA2-8AA2-3ED3-6D5F-5136F9B26787}",2019,86708
"{ED5D5293-0EF2-D555-C2A5-3EE3B1F6D619}",2019,85096
"{270D1212-CC25-ABE5-AC82-ADD4C3E376B2}",2019,62452
"{7BD178E2-177C-7125-84DF-32B63BC0279A}",2019,94999
"{BA43EFE1-6A22-28B7-7FB2-361A9525679A}",2019,192940
"{F61C5B3B-50F7-B4C6-F33A-5643BB7423DB}",2019,117865
"{A7BD78F1-E58A-22D2-4F44-3EFEE9E64202}",2019,130400
"{F798CCF4-FC4C-F347-64B1-5994365B0594}",2019,83288
"{11B8EDBE-8460-1EC1-84A5-D7A98FF00A91}",2019,103931
"{9733751F-F79F-D984-2254-DF02E9DBCA2B}",2019,179545
"{80D9098A-1887-F8CA-F3F3-12338B4D96FA}",2019,55037
"{4641E2EF-DFF9-091E-C3C2-492964CA9EF5}",2019,676270
"{D23DADC7-D445-22D2-0648-79A7DD8CA1B4}",2019,80318
"{8B467210-5BD9-A44C-2FFF-DB55E879B135}",2019,87379
"{64CC73A3-502B-20AE-FCFE-F9A6EC5F1351}",2019,141257
"{D5BBD67A-CFA7-8A0B-38AA-DA1F82995C7B}",2019,246091
"{F78A6BB4-1969-0E34-7A98-0A446B50DB54}",2019,77381
"{A025C6B8-0E81-E5F8-4015-A8EC71F9B738}",2019,148858
"{ECE9D8ED-0F5D-CC8D-9AF2-B7C122D82E49}",2019,188945
"{1006FBA6-2EB4-5960-5C4B-6FBC0581A26A}",2019,128252
"{8288F8E8-D961-D47C-050F-65A65AA97F9D}",2019,89344
"{17F4009B-AEFB-B7C6-A52F-D6010698EDE9}",2019,109741
"{B8B6AFC0-66BC-6D0F-4AAC-D670FE7BCA9F}",2019,84087
"{3E53EDDE-CCD7-0E2E-7589-7184E6320E14}",2019,81475
"{040649D0-A0BA-C005-ADEF-90E3E4358730}",2019,61687
"{24583742-6987-D358-4587-C7C98370FCEF}",2019,364225
"{BFF8770D-356E-6292-8C34-0EEE58FB2BA4}",2019,99953
"{6E91C127-A888-E912-0483-08D35DE213A9}",2019,125673
"{F4903A19-350D-D84D-A882-F9654ED12BA2}",2019,158644
"{60E04965-3EC1-E787-2A99-F57E04489AEC}",2019,207317
"{2B736046-BEDC-DEF4-77A8-475FD27A1E64}",2019,90121
"{1FC2E6E7-1C9C-C1CC-9006-A4E84CC0F303}",2019,110906
"{6F6C5467-2864-ED2F-862C-D5213947E6AD}",2019,161833
"{7BAB2F56-875B-2ED6-4180-201269CED27E}",2019,132090
"{D81D3816-B218-65B6-DB52-A8E75DAD59C9}",2019,146957
"{E1EA480C-0BB2-57D0-87DB-FA3F71314F83}",2019,163692
"{EED6E019-9FD1-5609-EB4C-D3968EDD9F22}",2019,213725
"{E8AFFCCE-4403-83DE-6C80-80F38A3582A1}",2019,51721
"{263C1320-AF64-F3FF-ACE3-CEA489DFB3BC}",2019,102063
"{F459B361-8F01-B771-E54E-579E6ACACF12}",2019,88127
"{3E069B69-BF63-3D6A-6F86-E0282D3361EA}",2019,157330
"{B9AAB293-41E8-6FB2-EFBE-36507753EC65}",2019,127852
"{07BC4455-2DED-3E72-89F5-F1123A963742}",2019,76669
"{B7A85CB6-AAA4-B046-33D5-3EBB049D4198}",2019,109245
"{BDAFD028-A9C2-B5F4-9F4B-922D2C707631}",2019,101991
"{3F985DE4-8479-BB09-7357-E758AA3DE096}",2019,115026
"{A984BA1B-1216-2570-4BDD-EC3242A5C527}",2019,66098
"{9F150CC3-DCE9-8CEB-BF01-698F45485FBA}",2019,109624
"{1DF59397-D316-47A4-0FAC-94F3B8AC4AAD}",2019,375023
"{23D12364-9F00-5BD4-1434-A191B1663711}",2019,198129
"{E009A9D1-AEA9-39A9-24D1-0632A6F70389}",2019,126908
"{ABFA705B-9826-4AD9-B22B-98F9168CC263}",2019,49483
"{F7BCDB81-B0EC-973E-BD24-12FA7E89A631}",2019,481276
"{90DE9873-4EE6-9646-8B3C-27495B4EBB68}",2019,137608
"{8C17955C-1843-9259-82B8-33A2C96BB1F3}",2019,210283
"{6FBDCE79-EC46-FD41-452E-D4C8712B2030}",2019,164245
"{AD98692B-F153-163B-F60D-B2B80DDE3F28}",2019,113519
"{754D644E-5F65-8B1A-8684-7BD83BE3CE2D}",2019,125406
"{F0420255-9025-FC4C-C73F-FC6AC46A562D}",2019,165553
"{BBF3E52F-6F5B-58EF-17D6-83D78187BA8B}",2019,77771
"{475A43A7-610B-3F17-B315-CCFB6CDCB36D}",2019,63907
"{67630DFA-E36E-54E7-81F2-6F947A05AF9A}",2019,125578
"{37C13AAA-BAFF-F837-8413-D3645A296542}",2019,107128
"{A6983A1F-CFDC-86FB-A940-5AD2214B5619}",2019,173181
"{F55AD9DB-AD52-9CE0-384C-8D2F4A8667E2}",2019,82197
"{AABA75AA-084D-4C80-E3B4-14FD8E122E70}",2019,164981
"{B8FD0E1F-FC7F-4B45-8C7A-46E1A45CBD5D}",2019,108082
"{B84D3EAD-E68F-22AF-8DDF-150A40449DC2}",2019,113794
"{4CA34928-7026-6568-A40F-F2D39617C4BD}",2019,62286
"{1CDC78B6-2FD4-FCEC-F7E5-03DF39D3BECA}",2019,91008
"{4BEE6D8A-790F-56FA-DBD2-3C7FE695B48D}",2019,187196
"{3EFBC049-59F9-700F-C3E3-58A04586E734}",2019,228833
"{5770C716-0EB7-67E4-B78F-B5DFCAC3123B}",2019,110090
"{8172329C-68C5-F514-F708-CBCCFA5554C8}",2019,187166
"{249FBBC9-8AC8-0A5D-F92A-D1AB8F90C5F9}",2019,142729
"{A32A501F-1C4C-8F06-6756-9438CD7C6AD6}",2019,71827
"{F0935483-1609-A81E-216B-E07EEF62FB81}",2019,300164
"{E71EE0C1-9C7F-8333-7BB2-DE84EA41E0E2}",2019,49467
"{326D2AE2-EFC4-8961-28B6-F1D7A40745BA}",2019,133675
"{8046B1B8-931A-FFBE-B2B9-6C0D104B017D}",2019,188938
"{5E84877A-62F2-0210-B73F-4347AC9D5637}",2019,111364
"{B042BFE2-56C3-C9C2-6E73-0EE74DBDF7BA}",2019,98562
"{8FEF89A7-C9B1-4105-846E-517D1831E753}",2019,184062
"{72A5054A-14C5-E788-0FA2-1CD515993F0B}",2019,155741
"{5AD7EADD-CB00-64F6-A560-B5C76E461346}",2019,84620
"{76065785-7F52-48F1-EA8F-D03CE20FB736}",2019,52687
"{838D5543-BAFC-01EE-122D-8CC0E1298E25}",2019,188935
"{55522CA9-4849-A0E8-4E59-BA77B367813E}",2019,67189
"{968CB96D-2ABE-5097-05C0-682A7C172FFD}",2019,82211
"{B1BAED53-F797-D8F1-B425-90210D3DA3C7}",2019,238255
"{AF49A0FE-DBD8-3810-C8F1-2353D8F1D60A}",2019,131684
"{1DF26257-FC2B-084F-DD57-3B9883EF9F66}",2019,77210
"{75A37830-0558-3268-4797-6A5EA2C0A58B}",2019,112343
"{9D12F9E2-79B3-AA71-2805-4DE51BE1108C}",2019,127485
"{3931DFDE-BB23-726B-EFFF-EF0815238E92}",2019,219564
"{9BD484C4-8AD8-68AB-CAE1-0EDD0113F635}",2019,109516
"{D21C2C41-F765-AA1B-3397-5BB285B01694}",2019,194803
"{9690494B-44EF-65B3-446A-56B4ED4FD5D4}",2019,120495
"{5ECCDEC5-9359-9717-B387-6A189FB6ED2F}",2019,282124
"{E56B8F01-8BDB-3B02-8C45-6B5C6932B058}",2019,139850
"{89245E9C-9A0D-1370-F9A3-086F554ED07B}",2019,59120
"{9A5460F3-DF99-8110-92E8-1F0BC7426DD2}",2019,160237
"{AD794FA4-F8F0-BB95-08A8-398D022BF137}",2019,89427
"{E2074C04-BB16-A038-B440-48104CE6410C}",2019,96031
"{DD0D5BEE-00F0-5B05-3FC9-F6A39D0EC4E0}",2019,131753
"{415C93A7-A51D-1FF9-C310-78A9242EFD1D}",2019,172578
"{1FC8A8EF-FDF0-F3E9-D98B-31E18133CF79}",2019,70358
"{EEED6DA1-A074-FAE0-5ACD-0ED26ABC4EB6}",2019,109980
"{87E4ADE8-C6CB-A33F-09C1-7F8631D7F1F6}",2019,150050
"{E4E916BC-F08E-AB2C-B28B-05FBB83F5110}",2019,102745
"{2B71C6EB-D538-F1BB-79F5-ACC0A57C8B69}",2019,137188
"{B4AB9D4B-24AF-6624-911B-B375D22EB06E}",2019,65977
"{53F72819-192A-0A3E-FBCE-47AB4C5FEA9F}",2019,75733
"{F7E8CD73-A1D1-03F1-C6D7-F5A3ADBF3D83}",2019,114870
"{B4A9AF91-2A72-AA93-9CA8-0C7A1E3170A6}",2019,65620
"{B6AB17E6-46C2-2D36-8B87-2E0071D163B7}",2019,74513
"{7072BC74-2050-BB87-457E-A0C45AE44663}",2019,66655
"{2BAEDD19-1268-9673-A3F1-29B0877315F9}",2019,58892
"{9863A6CC-FB39-7878-DCCD-716D68CEBE8B}",2019,260668
"{268D7B74-BC5C-545F-6346-1927E85D46D2}",2019,181034
"{59AA93ED-B8CC-2537-8955-F746B83C50BB}",2019,151279
"{C4DFAFF5-6EDA-7B82-FF77-34E7BB65179C}",2019,134409
"{2E72FCEF-0CB8-014E-1D82-DF8192430959}",2019,185983
"{EF09CD9C-0183-8DA3-B26E-734C2382B5DF}",2019,132685
"{E1DBDD61-2A50-F47C-6604-6D029FCC988D}",2019,100153
"{F8CB9FB0-7561-2D35-C535-7D344294AB10}",2019,29508
"{04CBADAF-5577-E1AB-12F7-49CD628AA70F}",2019,141823
"{069B1B50-BB32-0C5A-DC20-C9643EC4583D}",2019,156169
"{5776BA94-E993-F553-EABB-C7CC9C6F720C}",2019,52953
"{93ED7B3E-69D3-EFEA-4F3C-FAE2FCF5942D}",2019,195621
"{C74E3F2F-9273-77E4-D32F-18E49E986DFB}",2019,129148
"{A62187E9-F3FA-ACE7-8AC0-2BC69D81265C}",2019,58295
"{DEFF95BC-485A-2A1C-55C3-995509683799}",2019,88613
"{3E6E48BD-05A7-0F34-DE7C-B878ACC40095}",2019,82067
"{D3FA85EF-2E9D-58A4-F901-D43E125BA5E1}",2019,163639
"{E2F9EDD5-426E-9AD6-4536-D3086FFACB64}",2019,397454
"{2C5DCBED-7D79-137A-EC0D-E20D7EF7B240}",2019,321498
"{0673C3E5-5534-6578-70F4-B6B48BA0D331}",2019,245216
"{90E99B68-AD16-6914-F66B-330143235446}",2019,158881
"{972FF67E-BBE9-D809-7E1A-843857954E8F}",2019,367114
"{2BE31D39-0728-34AB-CC03-D04C011A65FB}",2019,266780
"{C684E28A-2076-F333-984D-62F77E1DC5D6}",2019,148320
"{A1B69673-8D98-6C6C-C43E-0DE46ADC3705}",2019,224862
"{E1C50C1D-9E6D-C678-A720-26ED8993BAA8}",2019,324515
"{F3FD91AE-53FF-2611-E945-AFC9F45287E4}",2019,224709
"{2DD8AFBC-3518-A408-5715-26AB80A6402D}",2019,206996
"{3CB384C6-7C12-E4EE-94B0-AB6A15E27356}",2019,23183
"{CABC2F65-881C-579D-81CF-72CF984965F6}",2019,59737
"{B877E37C-25FB-FCAE-FA46-51D4057CEE02}",2019,82770
"{C88F984F-88B3-C2B1-D90A-7C567DE43629}",2019,45154
"{BF0B7EA9-968C-2951-62A3-17AC35A1717E}",2019,29131
"{BA300319-99F4-0980-B20D-BCAE8EFB718D}",2019,97197
"{AB6E0C95-5FBA-0678-0540-8596D07CAAC8}",2019,45236
"{93E672D1-436D-57E9-A6A4-E8BE7E57DD10}",2019,138687
"{546DEF31-FEC5-4A7E-0A31-D5A37776FCCB}",2019,77083
"{AAEA48AC-69B0-EB20-8BE5-FB0E73A5161A}",2019,147056
"{AC077A50-E6BD-7B23-2223-2B12B737E892}",2019,131097
"{D670AA2C-C858-0686-1867-E8F77F261839}",2019,130141
"{A29F284D-A6C5-7C41-1875-65A601E8B48C}",2019,116670
"{B67BF1D6-A4AD-896D-653D-2D77AFB58C51}",2019,113763
"{8B32C08C-D7BC-A11F-8086-84FC50663321}",2019,70046
"{FF5628E3-C9C5-9AEA-DDFA-101A34E6BFF0}",2019,64312
"{8A7FDA69-95E3-F888-18CA-70FC173DA65B}",2019,130091
"{184372BA-E4F6-6238-B7C8-2F181FA43CE6}",2019,157819
"{6987F929-3D64-F5AD-1D5F-E57E1B09948C}",2019,101817
"{B3133674-A14F-29BF-B69A-EC218907EA5C}",2019,108877
"{640775C4-017A-BD6A-19A3-0919EE16426E}",2019,64712
"{F0EA8B5A-603F-13A2-102E-0BAD4571C7F9}",2019,62912
"{6B918A41-7665-E609-88DD-847A87CBC3ED}",2019,78647
"{5934BCCD-E86E-FA75-4EFD-C719E6ADC2D8}",2019,148108
"{F61B35A9-CB3A-0D0C-ED55-44F971D4C92E}",2019,236701
"{F803917C-B918-D36A-FBD6-5B100AFE9B8A}",2019,77025
"{13BFF2E0-836B-84DA-2B73-240AB574BB7A}",2019,66933
"{98852C52-6DCD-1BA9-B18E-E7176A916C70}",2019,115836
"{AB4C85BC-CA7E-41D8-DBE4-F08F521DF234}",2019,116539
"{F957D325-1FD6-2666-6302-2CFD26C9CEDB}",2019,101753
"{83AE3D57-DAC6-47D2-2167-FA86AFC21369}",2019,163142
"{DD3E7F67-C86D-E89B-3C6B-B1611AA08BFA}",2019,181530
"{1F7F017E-7F1A-97AB-7487-43CB1ACD87F7}",2019,165644
"{87E5CA3A-CAA6-16DC-B6FB-807D0D14C8E2}",2019,161971
"{8867E2E4-0C4F-594C-1896-6D9A407C699E}",2019,58965
"{B57A2E7B-EAC1-DFAF-024A-B540595026D9}",2019,161126
"{6F992E1F-83F4-6045-247F-4B82EAB7F9C0}",2019,122211
"{6571F078-EEEF-15C4-9D43-23316F6FC66F}",2019,37679
"{1A372BED-B4DA-54DB-6113-9CB94D26D0BE}",2019,46856
"{3C257F82-1A63-6DA9-72B7-6C9E9A291610}",2019,186120
"{2343FCAE-B643-9255-4BDD-1DC4EADC151B}",2019,776974
"{FC6D9670-34A9-F0B6-7AFB-75C6D8202B03}",2019,93857
"{E3C58B58-8F60-A49E-A128-CFBD8FD83E39}",2019,40408
"{52B0AEF7-E254-2042-9658-2B598038635F}",2019,219445
"{F4B56789-3C84-DC23-56AD-322DE11031A0}",2019,233921
"{FBFE3CAC-1C80-1EBB-C5F4-76ABF9F780DA}",2019,63838
"{3DD24FF8-8EAD-6B7E-86B3-8556CB2FECED}",2019,35818
"{AD444ED3-D714-A13B-71D1-8B84A794A47E}",2019,241245
"{B00951B4-0D59-3EB9-5647-1E44EE8A780B}",2019,49956
"{1FFE14DC-FD03-BB67-D51C-9E897F988EC8}",2019,27803
"{396A6C70-D47C-E07A-FDD4-8B7F9D74FBD1}",2019,491854
"{B73D6092-14C9-CD04-3656-CC5231CF90B7}",2019,364310
"{D49E8668-4B7E-4302-D9C1-135D21B3B00B}",2019,407693
"{7045A7DA-1D9F-0A40-FA6C-8FE4094EE820}",2019,312037
"{54742F19-BFDB-CD66-74B7-E8C48CD89B90}",2019,281937
"{45A00F81-6D66-A1A6-7CBF-F2A7C6C3B422}",2019,562199
"{C1BFE035-05F1-5013-4523-C05B826CE7E7}",2019,687525
"{93822FAD-2514-4B69-64C2-1934A16B9513}",2019,322283
"{6688E903-C5A7-DBC0-1649-BCDF8B76A05C}",2019,305312
"{54CD979C-CF9D-6A65-567F-8976C9546137}",2020,83515
"{1854CE21-0D57-9748-D804-77E28CAD45C8}",2020,40054
"{91E025E5-7F78-2AE6-6790-52BA0D18544B}",2020,83210
"{8AF38330-E608-6D8E-F4D9-B025DBEFE44B}",2020,90495
"{CEE28573-3561-A1CC-59F8-437EA0FD5C03}",2020,117037
"{632250CE-B852-246A-56D9-8854C5EB8A4E}",2020,279384
"{338F9C39-8F3D-3B69-8F0E-B9A9AFF48586}",2020,190886
"{51A3C395-0B56-F669-F319-63A8E028D1BB}",2020,69160
"{CCB52CAA-8C23-69FA-32E9-19C34836C85F}",2020,133089
"{CAF8DD7F-909B-FB7E-77A6-2A77634A1EA1}",2020,96523
"{543D327D-3633-EAB8-FCCD-431891B04572}",2020,89748
"{86659364-E260-CE27-F770-58DB5D55790E}",2020,104751
"{0FBAD5A3-775C-8678-E90F-BA27C5A9B381}",2020,135087
"{39F1ECAF-AEF8-EF8A-8F79-2CC5895D95B1}",2020,96369
"{A7F442EF-01A1-A323-9AA1-7A2787023CBE}",2020,140326
"{093B85E1-925C-8019-BE7B-3DEAF4A9CB0F}",2020,83919
"{D84C16D5-5912-A8CB-EAAF-1AD4739D7209}",2020,112789
"{EE2F98B6-C94D-4FCF-FBC7-2206458F16FF}",2020,47337
"{E1B1337C-C89A-514B-9AED-D4642E34F222}",2020,59061
"{4BDC86BE-17C2-46F0-2F98-92DF1B11D314}",2020,79753
"{FE0042F9-FF5F-AD6B-EA9C-9C75A10AA758}",2020,80111
"{4E3BD2D3-D3B7-307E-101C-1021B6212713}",2020,132031
"{A384F76B-4ED5-9B93-4E1F-F25A2A8EAEBE}",2020,61616
"{D93DE023-F361-27CE-A0F3-CA85725D8AEA}",2020,278063
"{95DDCAC0-E6B6-2EEB-9A62-5DB14A07C613}",2020,82832
"{F2B9E252-5FEA-776C-DFD1-D93C48433657}",2020,99184
"{A40F2A23-5360-8621-4E8C-A0602FF855B8}",2020,200691
"{73542C20-B82D-945D-8731-852D755DE9DD}",2020,133705
"{01325AA0-BEA1-66FE-9B5C-88AA603382F3}",2020,198482
"{3297C203-C599-F2AE-F1AA-1868216527B9}",2020,151144
"{3579F526-2611-CB6A-0902-C0F4034D4164}",2020,85920
"{1AA3EBA2-8AA2-3ED3-6D5F-5136F9B26787}",2020,87869
"{ED5D5293-0EF2-D555-C2A5-3EE3B1F6D619}",2020,86296
"{270D1212-CC25-ABE5-AC82-ADD4C3E376B2}",2020,63062
"{7BD178E2-177C-7125-84DF-32B63BC0279A}",2020,96006
"{BA43EFE1-6A22-28B7-7FB2-361A9525679A}",2020,195587
"{F61C5B3B-50F7-B4C6-F33A-5643BB7423DB}",2020,119596
"{A7BD78F1-E58A-22D2-4F44-3EFEE9E64202}",2020,132094
"{F798CCF4-FC4C-F347-64B1-5994365B0594}",2020,84341
"{11B8EDBE-8460-1EC1-84A5-D7A98FF00A91}",2020,105311
"{9733751F-F79F-D984-2254-DF02E9DBCA2B}",2020,181659
"{80D9098A-1887-F8CA-F3F3-12338B4D96FA}",2020,55698
"{4641E2EF-DFF9-091E-C3C2-492964CA9EF5}",2020,685884
"{D23DADC7-D445-22D2-0648-79A7DD8CA1B4}",2020,81251
"{8B467210-5BD9-A44C-2FFF-DB55E879B135}",2020,88624
"{64CC73A3-502B-20AE-FCFE-F9A6EC5F1351}",2020,143279
"{D5BBD67A-CFA7-8A0B-38AA-DA1F82995C7B}",2020,249416
"{F78A6BB4-1969-0E34-7A98-0A446B50DB54}",2020,78248
"{A025C6B8-0E81-E5F8-4015-A8EC71F9B738}",2020,150837
"{ECE9D8ED-0F5D-CC8D-9AF2-B7C122D82E49}",2020,191774
"{1006FBA6-2EB4-5960-5C4B-6FBC0581A26A}",2020,130293
"{8288F8E8-D961-D47C-050F-65A65AA97F9D}",2020,90447
"{17F4009B-AEFB-B7C6-A52F-D6010698EDE9}",2020,111211
"{B8B6AFC0-66BC-6D0F-4AAC-D670FE7BCA9F}",2020,85193
"{3E53EDDE-CCD7-0E2E-7589-7184E6320E14}",2020,82630
"{040649D0-A0BA-C005-ADEF-90E3E4358730}",2020,62403
"{24583742-6987-D358-4587-C7C98370FCEF}",2020,368725
"{BFF8770D-356E-6292-8C34-0EEE58FB2BA4}",2020,101335
"{6E91C127-A888-E912-0483-08D35DE213A9}",2020,127381
"{F4903A19-350D-D84D-A882-F9654ED12BA2}",2020,160757
"{60E04965-3EC1-E787-2A99-F57E04489AEC}",2020,210115
"{2B736046-BEDC-DEF4-77A8-475FD27A1E64}",2020,91409
"{1FC2E6E7-1C9C-C1CC-9006-A4E84CC0F303}",2020,112319
"{6F6C5467-2864-ED2F-862C-D5213947E6AD}",2020,163952
"{7BAB2F56-875B-2ED6-4180-201269CED27E}",2020,133762
"{D81D3816-B218-65B6-DB52-A8E75DAD59C9}",2020,148887
"{E1EA480C-0BB2-57D0-87DB-FA3F71314F83}",2020,165772
"{EED6E019-9FD1-5609-EB4C-D3968EDD9F22}",2020,216606
"{E8AFFCCE-4403-83DE-6C80-80F38A3582A1}",2020,52443
"{263C1320-AF64-F3FF-ACE3-CEA489DFB3BC}",2020,103398
"{F459B361-8F01-B771-E54E-579E6ACACF12}",2020,89299
"{3E069B69-BF63-3D6A-6F86-E0282D3361EA}",2020,159239
"{B9AAB293-41E8-6FB2-EFBE-36507753EC65}",2020,129459
"{07BC4455-2DED-3E72-89F5-F1123A963742}",2020,77756
"{B7A85CB6-AAA4-B046-33D5-3EBB049D4198}",2020,110563
"{BDAFD028-A9C2-B5F4-9F4B-922D2C707631}",2020,103435
"{3F985DE4-8479-BB09-7357-E758AA3DE096}",2020,116515
"{A984BA1B-1216-2570-4BDD-EC3242A5C527}",2020,66925
"{9F150CC3-DCE9-8CEB-BF01-698F45485FBA}",2020,111053
"{1DF59397-D316-47A4-0FAC-94F3B8AC4AAD}",2020,380531
"{23D12364-9F00-5BD4-1434-A191B1663711}",2020,200824
"{E009A9D1-AEA9-39A9-24D1-0632A6F70389}",2020,128631
"{ABFA705B-9826-4AD9-B22B-98F9168CC263}",2020,49958
"{F7BCDB81-B0EC-973E-BD24-12FA7E89A631}",2020,487904
"{90DE9873-4EE6-9646-8B3C-27495B4EBB68}",2020,139369
"{8C17955C-1843-9259-82B8-33A2C96BB1F3}",2020,213080
"{6FBDCE79-EC46-FD41-452E-D4C8712B2030}",2020,166426
"{AD98692B-F153-163B-F60D-B2B80DDE3F28}",2020,115021
"{754D644E-5F65-8B1A-8684-7BD83BE3CE2D}",2020,127266
"{F0420255-9025-FC4C-C73F-FC6AC46A562D}",2020,167755
"{BBF3E52F-6F5B-58EF-17D6-83D78187BA8B}",2020,78775
"{475A43A7-610B-3F17-B315-CCFB6CDCB36D}",2020,64775
"{67630DFA-E36E-54E7-81F2-6F947A05AF9A}",2020,127282
"{37C13AAA-BAFF-F837-8413-D3645A296542}",2020,108571
"{A6983A1F-CFDC-86FB-A940-5AD2214B5619}",2020,175556
"{F55AD9DB-AD52-9CE0-384C-8D2F4A8667E2}",2020,83269
"{AABA75AA-084D-4C80-E3B4-14FD8E122E70}",2020,167210
"{B8FD0E1F-FC7F-4B45-8C7A-46E1A45CBD5D}",2020,109507
"{B84D3EAD-E68F-22AF-8DDF-150A40449DC2}",2020,115113
"{4CA34928-7026-6568-A40F-F2D39617C4BD}",2020,63249
"{1CDC78B6-2FD4-FCEC-F7E5-03DF39D3BECA}",2020,92201
"{4BEE6D8A-790F-56FA-DBD2-3C7FE695B48D}",2020,189658
"{3EFBC049-59F9-700F-C3E3-58A04586E734}",2020,231716
"{5770C716-0EB7-67E4-B78F-B5DFCAC3123B}",2020,111573
"{8172329C-68C5-F514-F708-CBCCFA5554C8}",2020,189901
"{249FBBC9-8AC8-0A5D-F92A-D1AB8F90C5F9}",2020,144664
"{A32A501F-1C4C-8F06-6756-9438CD7C6AD6}",2020,72778
"{F0935483-1609-A81E-216B-E07EEF62FB81}",2020,304206
"{E71EE0C1-9C7F-8333-7BB2-DE84EA41E0E2}",2020,50135
"{326D2AE2-EFC4-8961-28B6-F1D7A40745BA}",2020,135422
"{8046B1B8-931A-FFBE-B2B9-6C0D104B017D}",2020,191494
"{5E84877A-62F2-0210-B73F-4347AC9D5637}",2020,112870
"{B042BFE2-56C3-C9C2-6E73-0EE74DBDF7BA}",2020,99833
"{8FEF89A7-C9B1-4105-846E-517D1831E753}",2020,186633
"{72A5054A-14C5-E788-0FA2-1CD515993F0B}",2020,158025
"{5AD7EADD-CB00-64F6-A560-B5C76E461346}",2020,85685
"{76065785-7F52-48F1-EA8F-D03CE20FB736}",2020,53349
"{838D5543-BAFC-01EE-122D-8CC0E1298E25}",2020,191506
"{55522CA9-4849-A0E8-4E59-BA77B367813E}",2020,68101
"{968CB96D-2ABE-5097-05C0-682A7C172FFD}",2020,83192
"{B1BAED53-F797-D8F1-B425-90210D3DA3C7}",2020,241404
"{AF49A0FE-DBD8-3810-C8F1-2353D8F1D60A}",2020,133355
"{1DF26257-FC2B-084F-DD57-3B9883EF9F66}",2020,78223
"{75A37830-0558-3268-4797-6A5EA2C0A58B}",2020,113866
"{9D12F9E2-79B3-AA71-2805-4DE51BE1108C}",2020,129327
"{3931DFDE-BB23-726B-EFFF-EF0815238E92}",2020,222557
"{9BD484C4-8AD8-68AB-CAE1-0EDD0113F635}",2020,110932
"{D21C2C41-F765-AA1B-3397-5BB285B01694}",2020,197457
"{9690494B-44EF-65B3-446A-56B4ED4FD5D4}",2020,121927
"{5ECCDEC5-9359-9717-B387-6A189FB6ED2F}",2020,285775
"{E56B8F01-8BDB-3B02-8C45-6B5C6932B058}",2020,141755
"{89245E9C-9A0D-1370-F9A3-086F554ED07B}",2020,59930
"{9A5460F3-DF99-8110-92E8-1F0BC7426DD2}",2020,162313
"{AD794FA4-F8F0-BB95-08A8-398D022BF137}",2020,90631
"{E2074C04-BB16-A038-B440-48104CE6410C}",2020,97301
"{DD0D5BEE-00F0-5B05-3FC9-F6A39D0EC4E0}",2020,133440
"{415C93A7-A51D-1FF9-C310-78A9242EFD1D}",2020,174562
"{1FC8A8EF-FDF0-F3E9-D98B-31E18133CF79}",2020,71256
"{EEED6DA1-A074-FAE0-5ACD-0ED26ABC4EB6}",2020,111454
"{87E4ADE8-C6CB-A33F-09C1-7F8631D7F1F6}",2020,152406
"{E4E916BC-F08E-AB2C-B28B-05FBB83F5110}",2020,104155
"{2B71C6EB-D538-F1BB-79F5-ACC0A57C8B69}",2020,139154
"{B4AB9D4B-24AF-6624-911B-B375D22EB06E}",2020,66836
"{53F72819-192A-0A3E-FBCE-47AB4C5FEA9F}",2020,76728
"{F7E8CD73-A1D1-03F1-C6D7-F5A3ADBF3D83}",2020,116376
"{B4A9AF91-2A72-AA93-9CA8-0C7A1E3170A6}",2020,66427
"{B6AB17E6-46C2-2D36-8B87-2E0071D163B7}",2020,75563
"{7072BC74-2050-BB87-457E-A0C45AE44663}",2020,67538
"{2BAEDD19-1268-9673-A3F1-29B0877315F9}",2020,59539
"{9863A6CC-FB39-7878-DCCD-716D68CEBE8B}",2020,264346
"{268D7B74-BC5C-545F-6346-1927E85D46D2}",2020,183471
"{59AA93ED-B8CC-2537-8955-F746B83C50BB}",2020,153332
"{C4DFAFF5-6EDA-7B82-FF77-34E7BB65179C}",2020,136245
"{2E72FCEF-0CB8-014E-1D82-DF8192430959}",2020,188438
"{EF09CD9C-0183-8DA3-B26E-734C2382B5DF}",2020,134235
"{E1DBDD61-2A50-F47C-6604-6D029FCC988D}",2020,101463
"{F8CB9FB0-7561-2D35-C535-7D344294AB10}",2020,29800
"{04CBADAF-5577-E1AB-12F7-49CD628AA70F}",2020,143560
"{069B1B50-BB32-0C5A-DC20-C9643EC4583D}",2020,158180
"{5776BA94-E993-F553-EABB-C7CC9C6F720C}",2020,53521
"{93ED7B3E-69D3-EFEA-4F3C-FAE2FCF5942D}",2020,198285
"{C74E3F2F-9273-77E4-D32F-18E49E986DFB}",2020,130822
"{A62187E9-F3FA-ACE7-8AC0-2BC69D81265C}",2020,59036
"{DEFF95BC-485A-2A1C-55C3-995509683799}",2020,89662
"{3E6E48BD-05A7-0F34-DE7C-B878ACC40095}",2020,83083
"{D3FA85EF-2E9D-58A4-F901-D43E125BA5E1}",2020,165865
"{E2F9EDD5-426E-9AD6-4536-D3086FFACB64}",2020,403752
"{2C5DCBED-7D79-137A-EC0D-E20D7EF7B240}",2020,330401
"{0673C3E5-5534-6578-70F4-B6B48BA0D331}",2020,252004
"{90E99B68-AD16-6914-F66B-330143235446}",2020,163284
"{972FF67E-BBE9-D809-7E1A-843857954E8F}",2020,377356
"{2BE31D39-0728-34AB-CC03-D04C011A65FB}",2020,274184
"{C684E28A-2076-F333-984D-62F77E1DC5D6}",2020,152432
"{A1B69673-8D98-6C6C-C43E-0DE46ADC3705}",2020,231127
"{E1C50C1D-9E6D-C678-A720-26ED8993BAA8}",2020,333554
"{F3FD91AE-53FF-2611-E945-AFC9F45287E4}",2020,230933
"{2DD8AFBC-3518-A408-5715-26AB80A6402D}",2020,212744
"{3CB384C6-7C12-E4EE-94B0-AB6A15E27356}",2020,23823
"{CABC2F65-881C-579D-81CF-72CF984965F6}",2020,61382
"{B877E37C-25FB-FCAE-FA46-51D4057CEE02}",2020,85007
"{C88F984F-88B3-C2B1-D90A-7C567DE43629}",2020,46404
"{BF0B7EA9-968C-2951-62A3-17AC35A1717E}",2020,29927
"{BA300319-99F4-0980-B20D-BCAE8EFB718D}",2020,99895
"{AB6E0C95-5FBA-0678-0540-8596D07CAAC8}",2020,46486
"{93E672D1-436D-57E9-A6A4-E8BE7E57DD10}",2020,142759
"{546DEF31-FEC5-4A7E-0A31-D5A37776FCCB}",2020,79343
"{AAEA48AC-69B0-EB20-8BE5-FB0E73A5161A}",2020,151334
"{AC077A50-E6BD-7B23-2223-2B12B737E892}",2020,134913
"{D670AA2C-C858-0686-1867-E8F77F261839}",2020,133927
"{A29F284D-A6C5-7C41-1875-65A601E8B48C}",2020,120252
"{B67BF1D6-A4AD-896D-653D-2D77AFB58C51}",2020,117246
"{8B32C08C-D7BC-A11F-8086-84FC50663321}",2020,72194
"{FF5628E3-C9C5-9AEA-DDFA-101A34E6BFF0}",2020,66279
"{8A7FDA69-95E3-F888-18CA-70FC173DA65B}",2020,133881
"{184372BA-E4F6-6238-B7C8-2F181FA43CE6}",2020,162412
"{6987F929-3D64-F5AD-1D5F-E57E1B09948C}",2020,104781
"{B3133674-A14F-29BF-B69A-EC218907EA5C}",2020,112020
"{640775C4-017A-BD6A-19A3-0919EE16426E}",2020,66586
"{F0EA8B5A-603F-13A2-102E-0BAD4571C7F9}",2020,64732
"{6B918A41-7665-E609-88DD-847A87CBC3ED}",2020,80932
"{5934BCCD-E86E-FA75-4EFD-C719E6ADC2D8}",2020,152403
"{F61B35A9-CB3A-0D0C-ED55-44F971D4C92E}",2020,243602
"{F803917C-B918-D36A-FBD6-5B100AFE9B8A}",2020,79270
"{13BFF2E0-836B-84DA-2B73-240AB574BB7A}",2020,68887
"{98852C52-6DCD-1BA9-B18E-E7176A916C70}",2020,119209
"{AB4C85BC-CA7E-41D8-DBE4-F08F521DF234}",2020,119942
"{F957D325-1FD6-2666-6302-2CFD26C9CEDB}",2020,104726
"{83AE3D57-DAC6-47D2-2167-FA86AFC21369}",2020,167914
"{DD3E7F67-C86D-E89B-3C6B-B1611AA08BFA}",2020,186819
"{1F7F017E-7F1A-97AB-7487-43CB1ACD87F7}",2020,170449
"{87E5CA3A-CAA6-16DC-B6FB-807D0D14C8E2}",2020,166683
"{8867E2E4-0C4F-594C-1896-6D9A407C699E}",2020,60676
"{B57A2E7B-EAC1-DFAF-024A-B540595026D9}",2020,165819
"{6F992E1F-83F4-6045-247F-4B82EAB7F9C0}",2020,125769
"{6571F078-EEEF-15C4-9D43-23316F6FC66F}",2020,38777
"{1A372BED-B4DA-54DB-6113-9CB94D26D0BE}",2020,48219
"{3C257F82-1A63-6DA9-72B7-6C9E9A291610}",2020,191533
"{2343FCAE-B643-9255-4BDD-1DC4EADC151B}",2020,799541
"{FC6D9670-34A9-F0B6-7AFB-75C6D8202B03}",2020,96563
"{E3C58B58-8F60-A49E-A128-CFBD8FD83E39}",2020,41565
"{52B0AEF7-E254-2042-9658-2B598038635F}",2020,225831
"{F4B56789-3C84-DC23-56AD-322DE11031A0}",2020,240719
"{FBFE3CAC-1C80-1EBB-C5F4-76ABF9F780DA}",2020,65697
"{3DD24FF8-8EAD-6B7E-86B3-8556CB2FECED}",2020,36852
"{AD444ED3-D714-A13B-71D1-8B84A794A47E}",2020,248313
"{B00951B4-0D59-3EB9-5647-1E44EE8A780B}",2020,51403
"{1FFE14DC-FD03-BB67-D51C-9E897F988EC8}",2020,28607
"{396A6C70-D47C-E07A-FDD4-8B7F9D74FBD1}",2020,505014
"{B73D6092-14C9-CD04-3656-CC5231CF90B7}",2020,373874
"{D49E8668-4B7E-4302-D9C1-135D21B3B00B}",2020,418607
"{7045A7DA-1D9F-0A40-FA6C-8FE4094EE820}",2020,320385
"{54742F19-BFDB-CD66-74B7-E8C48CD89B90}",2020,289184
"{45A00F81-6D66-A1A6-7CBF-F2A7C6C3B422}",2020,576945
"{C1BFE035-05F1-5013-4523-C05B826CE7E7}",2020,710699
"{93822FAD-2514-4B69-64C2-1934A16B9513}",2020,333081
"{6688E903-C5A7-DBC0-1649-BCDF8B76A05C}",2020,315572
"{54CD979C-CF9D-6A65-567F-8976C9546137}",2021,84458
"{1854CE21-0D57-9748-D804-77E28CAD45C8}",2021,40571
"{91E025E5-7F78-2AE6-6790-52BA0D18544B}",2021,84351
"{8AF38330-E608-6D8E-F4D9-B025DBEFE44B}",2021,91449
"{CEE28573-3561-A1CC-59F8-437EA0FD5C03}",2021,118444
"{632250CE-B852-246A-56D9-8854C5EB8A4E}",2021,282533
"{338F9C39-8F3D-3B69-8F0E-B9A9AFF48586}",2021,193017
"{51A3C395-0B56-F669-F319-63A8E028D1BB}",2021,69938
"{CCB52CAA-8C23-69FA-32E9-19C34836C85F}",2021,134586
"{CAF8DD7F-909B-FB7E-77A6-2A77634A1EA1}",2021,97601
"{543D327D-3633-EAB8-FCCD-431891B04572}",2021,90732
"{86659364-E260-CE27-F770-58DB5D55790E}",2021,105797
"{0FBAD5A3-775C-8678-E90F-BA27C5A9B381}",2021,136724
"{39F1ECAF-AEF8-EF8A-8F79-2CC5895D95B1}",2021,97478
"{A7F442EF-01A1-A323-9AA1-7A2787023CBE}",2021,142242
"{093B85E1-925C-8019-BE7B-3DEAF4A9CB0F}",2021,84949
"{D84C16D5-5912-A8CB-EAAF-1AD4739D7209}",2021,114099
"{EE2F98B6-C94D-4FCF-FBC7-2206458F16FF}",2021,47838
"{E1B1337C-C89A-514B-9AED-D4642E34F222}",2021,59752
"{4BDC86BE-17C2-46F0-2F98-92DF1B11D314}",2021,80980
"{FE0042F9-FF5F-AD6B-EA9C-9C75A10AA758}",2021,80978
"{4E3BD2D3-D3B7-307E-101C-1021B6212713}",2021,133469
"{A384F76B-4ED5-9B93-4E1F-F25A2A8EAEBE}",2021,62341
"{D93DE023-F361-27CE-A0F3-CA85725D8AEA}",2021,281274
"{95DDCAC0-E6B6-2EEB-9A62-5DB14A07C613}",2021,83751
"{F2B9E252-5FEA-776C-DFD1-D93C48433657}",2021,100474
"{A40F2A23-5360-8621-4E8C-A0602FF855B8}",2021,202789
"{73542C20-B82D-945D-8731-852D755DE9DD}",2021,135508
"{01325AA0-BEA1-66FE-9B5C-88AA603382F3}",2021,201038
"{3297C203-C599-F2AE-F1AA-1868216527B9}",2021,152866
"{3579F526-2611-CB6A-0902-C0F4034D4164}",2021,86850
"{1AA3EBA2-8AA2-3ED3-6D5F-5136F9B26787}",2021,88882
"{ED5D5293-0EF2-D555-C2A5-3EE3B1F6D619}",2021,87340
"{270D1212-CC25-ABE5-AC82-ADD4C3E376B2}",2021,63632
"{7BD178E2-177C-7125-84DF-32B63BC0279A}",2021,96916
"{BA43EFE1-6A22-28B7-7FB2-361A9525679A}",2021,197907
"{F61C5B3B-50F7-B4C6-F33A-5643BB7423DB}",2021,121123
"{A7BD78F1-E58A-22D2-4F44-3EFEE9E64202}",2021,133593
"{F798CCF4-FC4C-F347-64B1-5994365B0594}",2021,85251
"{11B8EDBE-8460-1EC1-84A5-D7A98FF00A91}",2021,106456
"{9733751F-F79F-D984-2254-DF02E9DBCA2B}",2021,183455
"{80D9098A-1887-F8CA-F3F3-12338B4D96FA}",2021,56284
"{4641E2EF-DFF9-091E-C3C2-492964CA9EF5}",2021,693836
"{D23DADC7-D445-22D2-0648-79A7DD8CA1B4}",2021,82055
"{8B467210-5BD9-A44C-2FFF-DB55E879B135}",2021,89727
"{64CC73A3-502B-20AE-FCFE-F9A6EC5F1351}",2021,145051
"{D5BBD67A-CFA7-8A0B-38AA-DA1F82995C7B}",2021,252341
"{F78A6BB4-1969-0E34-7A98-0A446B50DB54}",2021,79032
"{A025C6B8-0E81-E5F8-4015-A8EC71F9B738}",2021,152549
"{ECE9D8ED-0F5D-CC8D-9AF2-B7C122D82E49}",2021,194437
"{1006FBA6-2EB4-5960-5C4B-6FBC0581A26A}",2021,132064
"{8288F8E8-D961-D47C-050F-65A65AA97F9D}",2021,91357
"{17F4009B-AEFB-B7C6-A52F-D6010698EDE9}",2021,112507
"{B8B6AFC0-66BC-6D0F-4AAC-D670FE7BCA9F}",2021,86159
"{3E53EDDE-CCD7-0E2E-7589-7184E6320E14}",2021,83635
"{040649D0-A0BA-C005-ADEF-90E3E4358730}",2021,62998
"{24583742-6987-D358-4587-C7C98370FCEF}",2021,372385
"{BFF8770D-356E-6292-8C34-0EEE58FB2BA4}",2021,102548
"{6E91C127-A888-E912-0483-08D35DE213A9}",2021,128889
"{F4903A19-350D-D84D-A882-F9654ED12BA2}",2021,162626
"{60E04965-3EC1-E787-2A99-F57E04489AEC}",2021,212559
"{2B736046-BEDC-DEF4-77A8-475FD27A1E64}",2021,92587
"{1FC2E6E7-1C9C-C1CC-9006-A4E84CC0F303}",2021,113547
"{6F6C5467-2864-ED2F-862C-D5213947E6AD}",2021,165786
"{7BAB2F56-875B-2ED6-4180-201269CED27E}",2021,135226
"{D81D3816-B218-65B6-DB52-A8E75DAD59C9}",2021,150571
"{E1EA480C-0BB2-57D0-87DB-FA3F71314F83}",2021,167483
"{EED6E019-9FD1-5609-EB4C-D3968EDD9F22}",2021,219127
"{E8AFFCCE-4403-83DE-6C80-80F38A3582A1}",2021,53088
"{263C1320-AF64-F3FF-ACE3-CEA489DFB3BC}",2021,104574
"{F459B361-8F01-B771-E54E-579E6ACACF12}",2021,90351
"{3E069B69-BF63-3D6A-6F86-E0282D3361EA}",2021,160924
"{B9AAB293-41E8-6FB2-EFBE-36507753EC65}",2021,130823
"{07BC4455-2DED-3E72-89F5-F1123A963742}",2021,78719
"{B7A85CB6-AAA4-B046-33D5-3EBB049D4198}",2021,111633
"{BDAFD028-A9C2-B5F4-9F4B-922D2C707631}",2021,104644
"{3F985DE4-8479-BB09-7357-E758AA3DE096}",2021,117842
"{A984BA1B-1216-2570-4BDD-EC3242A5C527}",2021,67634
"{9F150CC3-DCE9-8CEB-BF01-698F45485FBA}",2021,112301
"{1DF59397-D316-47A4-0FAC-94F3B8AC4AAD}",2021,385620
"{23D12364-9F00-5BD4-1434-A191B1663711}",2021,203222
"{E009A9D1-AEA9-39A9-24D1-0632A6F70389}",2021,130171
"{ABFA705B-9826-4AD9-B22B-98F9168CC263}",2021,50400
"{F7BCDB81-B0EC-973E-BD24-12FA7E89A631}",2021,493900
"{90DE9873-4EE6-9646-8B3C-27495B4EBB68}",2021,140888
"{8C17955C-1843-9259-82B8-33A2C96BB1F3}",2021,215523
"{6FBDCE79-EC46-FD41-452E-D4C8712B2030}",2021,168330
"{AD98692B-F153-163B-F60D-B2B80DDE3F28}",2021,116342
"{754D644E-5F65-8B1A-8684-7BD83BE3CE2D}",2021,128893
"{F0420255-9025-FC4C-C73F-FC6AC46A562D}",2021,169685
"{BBF3E52F-6F5B-58EF-17D6-83D78187BA8B}",2021,79647
"{475A43A7-610B-3F17-B315-CCFB6CDCB36D}",2021,65535
"{67630DFA-E36E-54E7-81F2-6F947A05AF9A}",2021,128772
"{37C13AAA-BAFF-F837-8413-D3645A296542}",2021,109843
"{A6983A1F-CFDC-86FB-A940-5AD2214B5619}",2021,177631
"{F55AD9DB-AD52-9CE0-384C-8D2F4A8667E2}",2021,84198
"{AABA75AA-084D-4C80-E3B4-14FD8E122E70}",2021,169174
"{B8FD0E1F-FC7F-4B45-8C7A-46E1A45CBD5D}",2021,110762
"{B84D3EAD-E68F-22AF-8DDF-150A40449DC2}",2021,116212
"{4CA34928-7026-6568-A40F-F2D39617C4BD}",2021,64102
"{1CDC78B6-2FD4-FCEC-F7E5-03DF39D3BECA}",2021,93242
"{4BEE6D8A-790F-56FA-DBD2-3C7FE695B48D}",2021,191806
"{3EFBC049-59F9-700F-C3E3-58A04586E734}",2021,234251
"{5770C716-0EB7-67E4-B78F-B5DFCAC3123B}",2021,112868
"{8172329C-68C5-F514-F708-CBCCFA5554C8}",2021,192213
"{249FBBC9-8AC8-0A5D-F92A-D1AB8F90C5F9}",2021,146345
"{A32A501F-1C4C-8F06-6756-9438CD7C6AD6}",2021,73622
"{F0935483-1609-A81E-216B-E07EEF62FB81}",2021,307758
"{E71EE0C1-9C7F-8333-7BB2-DE84EA41E0E2}",2021,50728
"{326D2AE2-EFC4-8961-28B6-F1D7A40745BA}",2021,136934
"{8046B1B8-931A-FFBE-B2B9-6C0D104B017D}",2021,193725
"{5E84877A-62F2-0210-B73F-4347AC9D5637}",2021,114190
"{B042BFE2-56C3-C9C2-6E73-0EE74DBDF7BA}",2021,100933
"{8FEF89A7-C9B1-4105-846E-517D1831E753}",2021,188963
"{72A5054A-14C5-E788-0FA2-1CD515993F0B}",2021,160030
"{5AD7EADD-CB00-64F6-A560-B5C76E461346}",2021,86583
"{76065785-7F52-48F1-EA8F-D03CE20FB736}",2021,53935
"{838D5543-BAFC-01EE-122D-8CC0E1298E25}",2021,193756
"{55522CA9-4849-A0E8-4E59-BA77B367813E}",2021,68906
"{968CB96D-2ABE-5097-05C0-682A7C172FFD}",2021,84034
"{B1BAED53-F797-D8F1-B425-90210D3DA3C7}",2021,244152
"{AF49A0FE-DBD8-3810-C8F1-2353D8F1D60A}",2021,134759
"{1DF26257-FC2B-084F-DD57-3B9883EF9F66}",2021,79118
"{75A37830-0558-3268-4797-6A5EA2C0A58B}",2021,115211
"{9D12F9E2-79B3-AA71-2805-4DE51BE1108C}",2021,130957
"{3931DFDE-BB23-726B-EFFF-EF0815238E92}",2021,225204
"{9BD484C4-8AD8-68AB-CAE1-0EDD0113F635}",2021,112182
"{D21C2C41-F765-AA1B-3397-5BB285B01694}",2021,199764
"{9690494B-44EF-65B3-446A-56B4ED4FD5D4}",2021,123129
"{5ECCDEC5-9359-9717-B387-6A189FB6ED2F}",2021,288818
"{E56B8F01-8BDB-3B02-8C45-6B5C6932B058}",2021,143435
"{89245E9C-9A0D-1370-F9A3-086F554ED07B}",2021,60601
"{9A5460F3-DF99-8110-92E8-1F0BC7426DD2}",2021,164141
"{AD794FA4-F8F0-BB95-08A8-398D022BF137}",2021,91673
"{E2074C04-BB16-A038-B440-48104CE6410C}",2021,98375
"{DD0D5BEE-00F0-5B05-3FC9-F6A39D0EC4E0}",2021,134902
"{415C93A7-A51D-1FF9-C310-78A9242EFD1D}",2021,176231
"{1FC8A8EF-FDF0-F3E9-D98B-31E18133CF79}",2021,72042
"{EEED6DA1-A074-FAE0-5ACD-0ED26ABC4EB6}",2021,112720
"{87E4ADE8-C6CB-A33F-09C1-7F8631D7F1F6}",2021,154608
"{E4E916BC-F08E-AB2C-B28B-05FBB83F5110}",2021,105394
"{2B71C6EB-D538-F1BB-79F5-ACC0A57C8B69}",2021,140878
"{B4AB9D4B-24AF-6624-911B-B375D22EB06E}",2021,67582
"{53F72819-192A-0A3E-FBCE-47AB4C5FEA9F}",2021,77595
"{F7E8CD73-A1D1-03F1-C6D7-F5A3ADBF3D83}",2021,117688
"{B4A9AF91-2A72-AA93-9CA8-0C7A1E3170A6}",2021,67141
"{B6AB17E6-46C2-2D36-8B87-2E0071D163B7}",2021,76491
"{7072BC74-2050-BB87-457E-A0C45AE44663}",2021,68310
"{2BAEDD19-1268-9673-A3F1-29B0877315F9}",2021,60072
"{9863A6CC-FB39-7878-DCCD-716D68CEBE8B}",2021,267633
"{268D7B74-BC5C-545F-6346-1927E85D46D2}",2021,185612
"{59AA93ED-B8CC-2537-8955-F746B83C50BB}",2021,155147
"{C4DFAFF5-6EDA-7B82-FF77-34E7BB65179C}",2021,137847
"{2E72FCEF-0CB8-014E-1D82-DF8192430959}",2021,190582
"{EF09CD9C-0183-8DA3-B26E-734C2382B5DF}",2021,135605
"{E1DBDD61-2A50-F47C-6604-6D029FCC988D}",2021,102594
"{F8CB9FB0-7561-2D35-C535-7D344294AB10}",2021,30053
"{04CBADAF-5577-E1AB-12F7-49CD628AA70F}",2021,145035
"{069B1B50-BB32-0C5A-DC20-C9643EC4583D}",2021,159887
"{5776BA94-E993-F553-EABB-C7CC9C6F720C}",2021,53996
"{93ED7B3E-69D3-EFEA-4F3C-FAE2FCF5942D}",2021,200598
"{C74E3F2F-9273-77E4-D32F-18E49E986DFB}",2021,132278
"{A62187E9-F3FA-ACE7-8AC0-2BC69D81265C}",2021,59674
"{DEFF95BC-485A-2A1C-55C3-995509683799}",2021,90571
"{3E6E48BD-05A7-0F34-DE7C-B878ACC40095}",2021,83941
"{D3FA85EF-2E9D-58A4-F901-D43E125BA5E1}",2021,167906
"{E2F9EDD5-426E-9AD6-4536-D3086FFACB64}",2021,408785
"{2C5DCBED-7D79-137A-EC0D-E20D7EF7B240}",2021,339098
"{0673C3E5-5534-6578-70F4-B6B48BA0D331}",2021,258649
"{90E99B68-AD16-6914-F66B-330143235446}",2021,167591
"{972FF67E-BBE9-D809-7E1A-843857954E8F}",2021,387379
"{2BE31D39-0728-34AB-CC03-D04C011A65FB}",2021,281410
"{C684E28A-2076-F333-984D-62F77E1DC5D6}",2021,156449
"{A1B69673-8D98-6C6C-C43E-0DE46ADC3705}",2021,237242
"{E1C50C1D-9E6D-C678-A720-26ED8993BAA8}",2021,342391
"{F3FD91AE-53FF-2611-E945-AFC9F45287E4}",2021,237017
"{2DD8AFBC-3518-A408-5715-26AB80A6402D}",2021,218359
"{3CB384C6-7C12-E4EE-94B0-AB6A15E27356}",2021,24450
"{CABC2F65-881C-579D-81CF-72CF984965F6}",2021,62994
"{B877E37C-25FB-FCAE-FA46-51D4057CEE02}",2021,87185
"{C88F984F-88B3-C2B1-D90A-7C567DE43629}",2021,47624
"{BF0B7EA9-968C-2951-62A3-17AC35A1717E}",2021,30713
"{BA300319-99F4-0980-B20D-BCAE8EFB718D}",2021,102535
"{AB6E0C95-5FBA-0678-0540-8596D07CAAC8}",2021,47699
"{93E672D1-436D-57E9-A6A4-E8BE7E57DD10}",2021,146922
"{546DEF31-FEC5-4A7E-0A31-D5A37776FCCB}",2021,81653
"{AAEA48AC-69B0-EB20-8BE5-FB0E73A5161A}",2021,155681
"{AC077A50-E6BD-7B23-2223-2B12B737E892}",2021,138793
"{D670AA2C-C858-0686-1867-E8F77F261839}",2021,137775
"{A29F284D-A6C5-7C41-1875-65A601E8B48C}",2021,123973
"{B67BF1D6-A4AD-896D-653D-2D77AFB58C51}",2021,120862
"{8B32C08C-D7BC-A11F-8086-84FC50663321}",2021,74423
"{FF5628E3-C9C5-9AEA-DDFA-101A34E6BFF0}",2021,68321
"{8A7FDA69-95E3-F888-18CA-70FC173DA65B}",2021,137727
"{184372BA-E4F6-6238-B7C8-2F181FA43CE6}",2021,167073
"{6987F929-3D64-F5AD-1D5F-E57E1B09948C}",2021,107790
"{B3133674-A14F-29BF-B69A-EC218907EA5C}",2021,115214
"{640775C4-017A-BD6A-19A3-0919EE16426E}",2021,68488
"{F0EA8B5A-603F-13A2-102E-0BAD4571C7F9}",2021,66581
"{6B918A41-7665-E609-88DD-847A87CBC3ED}",2021,83256
"{5934BCCD-E86E-FA75-4EFD-C719E6ADC2D8}",2021,156770
"{F61B35A9-CB3A-0D0C-ED55-44F971D4C92E}",2021,250609
"{F803917C-B918-D36A-FBD6-5B100AFE9B8A}",2021,81545
"{13BFF2E0-836B-84DA-2B73-240AB574BB7A}",2021,70868
"{98852C52-6DCD-1BA9-B18E-E7176A916C70}",2021,122628
"{AB4C85BC-CA7E-41D8-DBE4-F08F521DF234}",2021,123398
"{F957D325-1FD6-2666-6302-2CFD26C9CEDB}",2021,107746
"{83AE3D57-DAC6-47D2-2167-FA86AFC21369}",2021,172754
"{DD3E7F67-C86D-E89B-3C6B-B1611AA08BFA}",2021,192190
"{1F7F017E-7F1A-97AB-7487-43CB1ACD87F7}",2021,175318
"{87E5CA3A-CAA6-16DC-B6FB-807D0D14C8E2}",2021,171463
"{8867E2E4-0C4F-594C-1896-6D9A407C699E}",2021,62411
"{B57A2E7B-EAC1-DFAF-024A-B540595026D9}",2021,170569
"{6F992E1F-83F4-6045-247F-4B82EAB7F9C0}",2021,129369
"{6571F078-EEEF-15C4-9D43-23316F6FC66F}",2021,39887
"{1A372BED-B4DA-54DB-6113-9CB94D26D0BE}",2021,49605
"{3C257F82-1A63-6DA9-72B7-6C9E9A291610}",2021,197027
"{2343FCAE-B643-9255-4BDD-1DC4EADC151B}",2021,822373
"{FC6D9670-34A9-F0B6-7AFB-75C6D8202B03}",2021,99290
"{E3C58B58-8F60-A49E-A128-CFBD8FD83E39}",2021,42731
"{52B0AEF7-E254-2042-9658-2B598038635F}",2021,232306
"{F4B56789-3C84-DC23-56AD-322DE11031A0}",2021,247620
"{FBFE3CAC-1C80-1EBB-C5F4-76ABF9F780DA}",2021,67584
"{3DD24FF8-8EAD-6B7E-86B3-8556CB2FECED}",2021,37894
"{AD444ED3-D714-A13B-71D1-8B84A794A47E}",2021,255474
"{B00951B4-0D59-3EB9-5647-1E44EE8A780B}",2021,52874
"{1FFE14DC-FD03-BB67-D51C-9E897F988EC8}",2021,29423
"{396A6C70-D47C-E07A-FDD4-8B7F9D74FBD1}",2021,517608
"{B73D6092-14C9-CD04-3656-CC5231CF90B7}",2021,383045
"{D49E8668-4B7E-4302-D9C1-135D21B3B00B}",2021,429071
"{7045A7DA-1D9F-0A40-FA6C-8FE4094EE820}",2021,328376
"{54742F19-BFDB-CD66-74B7-E8C48CD89B90}",2021,296104
"{45A00F81-6D66-A1A6-7CBF-F2A7C6C3B422}",2021,591027
"{C1BFE035-05F1-5013-4523-C05B826CE7E7}",2021,733339
"{93822FAD-2514-4B69-64C2-1934A16B9513}",2021,343631
"{6688E903-C5A7-DBC0-1649-BCDF8B76A05C}",2021,325598
"{54CD979C-CF9D-6A65-567F-8976C9546137}",2022,85397
"{1854CE21-0D57-9748-D804-77E28CAD45C8}",2022,41077
"{91E025E5-7F78-2AE6-6790-52BA0D18544B}",2022,85465
"{8AF38330-E608-6D8E-F4D9-B025DBEFE44B}",2022,92407
"{CEE28573-3561-A1CC-59F8-437EA0FD5C03}",2022,119821
"{632250CE-B852-246A-56D9-8854C5EB8A4E}",2022,285658
"{338F9C39-8F3D-3B69-8F0E-B9A9AFF48586}",2022,195110
"{51A3C395-0B56-F669-F319-63A8E028D1BB}",2022,70706
"{CCB52CAA-8C23-69FA-32E9-19C34836C85F}",2022,136052
"{CAF8DD7F-909B-FB7E-77A6-2A77634A1EA1}",2022,98661
"{543D327D-3633-EAB8-FCCD-431891B04572}",2022,91688
"{86659364-E260-CE27-F770-58DB5D55790E}",2022,106792
"{0FBAD5A3-775C-8678-E90F-BA27C5A9B381}",2022,138361
"{39F1ECAF-AEF8-EF8A-8F79-2CC5895D95B1}",2022,98545
"{A7F442EF-01A1-A323-9AA1-7A2787023CBE}",2022,144131
"{093B85E1-925C-8019-BE7B-3DEAF4A9CB0F}",2022,85968
"{D84C16D5-5912-A8CB-EAAF-1AD4739D7209}",2022,115385
"{EE2F98B6-C94D-4FCF-FBC7-2206458F16FF}",2022,48403
"{E1B1337C-C89A-514B-9AED-D4642E34F222}",2022,60433
"{4BDC86BE-17C2-46F0-2F98-92DF1B11D314}",2022,82260
"{FE0042F9-FF5F-AD6B-EA9C-9C75A10AA758}",2022,81915
"{4E3BD2D3-D3B7-307E-101C-1021B6212713}",2022,134971
"{A384F76B-4ED5-9B93-4E1F-F25A2A8EAEBE}",2022,63058
"{D93DE023-F361-27CE-A0F3-CA85725D8AEA}",2022,284454
"{95DDCAC0-E6B6-2EEB-9A62-5DB14A07C613}",2022,84665
"{F2B9E252-5FEA-776C-DFD1-D93C48433657}",2022,101756
"{A40F2A23-5360-8621-4E8C-A0602FF855B8}",2022,204841
"{73542C20-B82D-945D-8731-852D755DE9DD}",2022,137339
"{01325AA0-BEA1-66FE-9B5C-88AA603382F3}",2022,203474
"{3297C203-C599-F2AE-F1AA-1868216527B9}",2022,154571
"{3579F526-2611-CB6A-0902-C0F4034D4164}",2022,87785
"{1AA3EBA2-8AA2-3ED3-6D5F-5136F9B26787}",2022,89878
"{ED5D5293-0EF2-D555-C2A5-3EE3B1F6D619}",2022,88387
"{270D1212-CC25-ABE5-AC82-ADD4C3E376B2}",2022,64210
"{7BD178E2-177C-7125-84DF-32B63BC0279A}",2022,97809
"{BA43EFE1-6A22-28B7-7FB2-361A9525679A}",2022,200206
"{F61C5B3B-50F7-B4C6-F33A-5643BB7423DB}",2022,122651
"{A7BD78F1-E58A-22D2-4F44-3EFEE9E64202}",2022,135080
"{F798CCF4-FC4C-F347-64B1-5994365B0594}",2022,86154
"{11B8EDBE-8460-1EC1-84A5-D7A98FF00A91}",2022,107645
"{9733751F-F79F-D984-2254-DF02E9DBCA2B}",2022,185201
"{80D9098A-1887-F8CA-F3F3-12338B4D96FA}",2022,56855
"{4641E2EF-DFF9-091E-C3C2-492964CA9EF5}",2022,701001
"{D23DADC7-D445-22D2-0648-79A7DD8CA1B4}",2022,82818
"{8B467210-5BD9-A44C-2FFF-DB55E879B135}",2022,90840
"{64CC73A3-502B-20AE-FCFE-F9A6EC5F1351}",2022,146800
"{D5BBD67A-CFA7-8A0B-38AA-DA1F82995C7B}",2022,255234
"{F78A6BB4-1969-0E34-7A98-0A446B50DB54}",2022,79906
"{A025C6B8-0E81-E5F8-4015-A8EC71F9B738}",2022,154238
"{ECE9D8ED-0F5D-CC8D-9AF2-B7C122D82E49}",2022,197071
"{1006FBA6-2EB4-5960-5C4B-6FBC0581A26A}",2022,133783
"{8288F8E8-D961-D47C-050F-65A65AA97F9D}",2022,92236
"{17F4009B-AEFB-B7C6-A52F-D6010698EDE9}",2022,113766
"{B8B6AFC0-66BC-6D0F-4AAC-D670FE7BCA9F}",2022,87100
"{3E53EDDE-CCD7-0E2E-7589-7184E6320E14}",2022,84621
"{040649D0-A0BA-C005-ADEF-90E3E4358730}",2022,63569
"{24583742-6987-D358-4587-C7C98370FCEF}",2022,375943
"{BFF8770D-356E-6292-8C34-0EEE58FB2BA4}",2022,103767
"{6E91C127-A888-E912-0483-08D35DE213A9}",2022,130379
"{F4903A19-350D-D84D-A882-F9654ED12BA2}",2022,164450
"{60E04965-3EC1-E787-2A99-F57E04489AEC}",2022,215087
"{2B736046-BEDC-DEF4-77A8-475FD27A1E64}",2022,93797
"{1FC2E6E7-1C9C-C1CC-9006-A4E84CC0F303}",2022,114767
"{6F6C5467-2864-ED2F-862C-D5213947E6AD}",2022,167558
"{7BAB2F56-875B-2ED6-4180-201269CED27E}",2022,136683
"{D81D3816-B218-65B6-DB52-A8E75DAD59C9}",2022,152238
"{E1EA480C-0BB2-57D0-87DB-FA3F71314F83}",2022,169152
"{EED6E019-9FD1-5609-EB4C-D3968EDD9F22}",2022,221621
"{E8AFFCCE-4403-83DE-6C80-80F38A3582A1}",2022,53713
"{263C1320-AF64-F3FF-ACE3-CEA489DFB3BC}",2022,105736
"{F459B361-8F01-B771-E54E-579E6ACACF12}",2022,91378
"{3E069B69-BF63-3D6A-6F86-E0282D3361EA}",2022,162720
"{B9AAB293-41E8-6FB2-EFBE-36507753EC65}",2022,132204
"{07BC4455-2DED-3E72-89F5-F1123A963742}",2022,79670
"{B7A85CB6-AAA4-B046-33D5-3EBB049D4198}",2022,112676
"{BDAFD028-A9C2-B5F4-9F4B-922D2C707631}",2022,105820
"{3F985DE4-8479-BB09-7357-E758AA3DE096}",2022,119163
"{A984BA1B-1216-2570-4BDD-EC3242A5C527}",2022,68336
"{9F150CC3-DCE9-8CEB-BF01-698F45485FBA}",2022,113531
"{1DF59397-D316-47A4-0FAC-94F3B8AC4AAD}",2022,390625
"{23D12364-9F00-5BD4-1434-A191B1663711}",2022,205594
"{E009A9D1-AEA9-39A9-24D1-0632A6F70389}",2022,131679
"{ABFA705B-9826-4AD9-B22B-98F9168CC263}",2022,50877
"{F7BCDB81-B0EC-973E-BD24-12FA7E89A631}",2022,499912
"{90DE9873-4EE6-9646-8B3C-27495B4EBB68}",2022,142389
"{8C17955C-1843-9259-82B8-33A2C96BB1F3}",2022,217949
"{6FBDCE79-EC46-FD41-452E-D4C8712B2030}",2022,170215
"{AD98692B-F153-163B-F60D-B2B80DDE3F28}",2022,117636
"{754D644E-5F65-8B1A-8684-7BD83BE3CE2D}",2022,130488
"{F0420255-9025-FC4C-C73F-FC6AC46A562D}",2022,171593
"{BBF3E52F-6F5B-58EF-17D6-83D78187BA8B}",2022,80515
"{475A43A7-610B-3F17-B315-CCFB6CDCB36D}",2022,66285
"{67630DFA-E36E-54E7-81F2-6F947A05AF9A}",2022,130242
"{37C13AAA-BAFF-F837-8413-D3645A296542}",2022,111098
"{A6983A1F-CFDC-86FB-A940-5AD2214B5619}",2022,179675
"{F55AD9DB-AD52-9CE0-384C-8D2F4A8667E2}",2022,85121
"{AABA75AA-084D-4C80-E3B4-14FD8E122E70}",2022,171130
"{B8FD0E1F-FC7F-4B45-8C7A-46E1A45CBD5D}",2022,111998
"{B84D3EAD-E68F-22AF-8DDF-150A40449DC2}",2022,117282
"{4CA34928-7026-6568-A40F-F2D39617C4BD}",2022,64947
"{1CDC78B6-2FD4-FCEC-F7E5-03DF39D3BECA}",2022,94275
"{4BEE6D8A-790F-56FA-DBD2-3C7FE695B48D}",2022,193926
"{3EFBC049-59F9-700F-C3E3-58A04586E734}",2022,236747
"{5770C716-0EB7-67E4-B78F-B5DFCAC3123B}",2022,114145
"{8172329C-68C5-F514-F708-CBCCFA5554C8}",2022,194580
"{249FBBC9-8AC8-0A5D-F92A-D1AB8F90C5F9}",2022,148011
"{A32A501F-1C4C-8F06-6756-9438CD7C6AD6}",2022,74441
"{F0935483-1609-A81E-216B-E07EEF62FB81}",2022,311283
"{E71EE0C1-9C7F-8333-7BB2-DE84EA41E0E2}",2022,51317
"{326D2AE2-EFC4-8961-28B6-F1D7A40745BA}",2022,138425
"{8046B1B8-931A-FFBE-B2B9-6C0D104B017D}",2022,195919
"{5E84877A-62F2-0210-B73F-4347AC9D5637}",2022,115490
"{B042BFE2-56C3-C9C2-6E73-0EE74DBDF7BA}",2022,102019
"{8FEF89A7-C9B1-4105-846E-517D1831E753}",2022,191343
"{72A5054A-14C5-E788-0FA2-1CD515993F0B}",2022,162045
"{5AD7EADD-CB00-64F6-A560-B5C76E461346}",2022,87478
"{76065785-7F52-48F1-EA8F-D03CE20FB736}",2022,54558
"{838D5543-BAFC-01EE-122D-8CC0E1298E25}",2022,195979
"{55522CA9-4849-A0E8-4E59-BA77B367813E}",2022,69703
"{968CB96D-2ABE-5097-05C0-682A7C172FFD}",2022,84856
"{B1BAED53-F797-D8F1-B425-90210D3DA3C7}",2022,246866
"{AF49A0FE-DBD8-3810-C8F1-2353D8F1D60A}",2022,136089
"{1DF26257-FC2B-084F-DD57-3B9883EF9F66}",2022,80028
"{75A37830-0558-3268-4797-6A5EA2C0A58B}",2022,116553
"{9D12F9E2-79B3-AA71-2805-4DE51BE1108C}",2022,132548
"{3931DFDE-BB23-726B-EFFF-EF0815238E92}",2022,227846
"{9BD484C4-8AD8-68AB-CAE1-0EDD0113F635}",2022,113419
"{D21C2C41-F765-AA1B-3397-5BB285B01694}",2022,202057
"{9690494B-44EF-65B3-446A-56B4ED4FD5D4}",2022,124338
"{5ECCDEC5-9359-9717-B387-6A189FB6ED2F}",2022,291779
"{E56B8F01-8BDB-3B02-8C45-6B5C6932B058}",2022,145093
"{89245E9C-9A0D-1370-F9A3-086F554ED07B}",2022,61260
"{9A5460F3-DF99-8110-92E8-1F0BC7426DD2}",2022,165903
"{AD794FA4-F8F0-BB95-08A8-398D022BF137}",2022,92693
"{E2074C04-BB16-A038-B440-48104CE6410C}",2022,99464
"{DD0D5BEE-00F0-5B05-3FC9-F6A39D0EC4E0}",2022,136336
"{415C93A7-A51D-1FF9-C310-78A9242EFD1D}",2022,177841
"{1FC8A8EF-FDF0-F3E9-D98B-31E18133CF79}",2022,72849
"{EEED6DA1-A074-FAE0-5ACD-0ED26ABC4EB6}",2022,113966
"{87E4ADE8-C6CB-A33F-09C1-7F8631D7F1F6}",2022,156828
"{E4E916BC-F08E-AB2C-B28B-05FBB83F5110}",2022,106611
"{2B71C6EB-D538-F1BB-79F5-ACC0A57C8B69}",2022,142591
"{B4AB9D4B-24AF-6624-911B-B375D22EB06E}",2022,68329
"{53F72819-192A-0A3E-FBCE-47AB4C5FEA9F}",2022,78446
"{F7E8CD73-A1D1-03F1-C6D7-F5A3ADBF3D83}",2022,118986
"{B4A9AF91-2A72-AA93-9CA8-0C7A1E3170A6}",2022,67876
"{B6AB17E6-46C2-2D36-8B87-2E0071D163B7}",2022,77367
"{7072BC74-2050-BB87-457E-A0C45AE44663}",2022,69082
"{2BAEDD19-1268-9673-A3F1-29B0877315F9}",2022,60614
"{9863A6CC-FB39-7878-DCCD-716D68CEBE8B}",2022,270925
"{268D7B74-BC5C-545F-6346-1927E85D46D2}",2022,187701
"{59AA93ED-B8CC-2537-8955-F746B83C50BB}",2022,156930
"{C4DFAFF5-6EDA-7B82-FF77-34E7BB65179C}",2022,139355
"{2E72FCEF-0CB8-014E-1D82-DF8192430959}",2022,192717
"{EF09CD9C-0183-8DA3-B26E-734C2382B5DF}",2022,137065
"{E1DBDD61-2A50-F47C-6604-6D029FCC988D}",2022,103702
"{F8CB9FB0-7561-2D35-C535-7D344294AB10}",2022,30345
"{04CBADAF-5577-E1AB-12F7-49CD628AA70F}",2022,146570
"{069B1B50-BB32-0C5A-DC20-C9643EC4583D}",2022,161629
"{5776BA94-E993-F553-EABB-C7CC9C6F720C}",2022,54457
"{93ED7B3E-69D3-EFEA-4F3C-FAE2FCF5942D}",2022,202876
"{C74E3F2F-9273-77E4-D32F-18E49E986DFB}",2022,133732
"{A62187E9-F3FA-ACE7-8AC0-2BC69D81265C}",2022,60310
"{DEFF95BC-485A-2A1C-55C3-995509683799}",2022,91430
"{3E6E48BD-05A7-0F34-DE7C-B878ACC40095}",2022,84825
"{D3FA85EF-2E9D-58A4-F901-D43E125BA5E1}",2022,169807
"{E2F9EDD5-426E-9AD6-4536-D3086FFACB64}",2022,413599
"{2C5DCBED-7D79-137A-EC0D-E20D7EF7B240}",2022,347598
"{0673C3E5-5534-6578-70F4-B6B48BA0D331}",2022,265157
"{90E99B68-AD16-6914-F66B-330143235446}",2022,171819
"{972FF67E-BBE9-D809-7E1A-843857954E8F}",2022,397202
"{2BE31D39-0728-34AB-CC03-D04C011A65FB}",2022,288496
"{C684E28A-2076-F333-984D-62F77E1DC5D6}",2022,160394
"{A1B69673-8D98-6C6C-C43E-0DE46ADC3705}",2022,243239
"{E1C50C1D-9E6D-C678-A720-26ED8993BAA8}",2022,351066
"{F3FD91AE-53FF-2611-E945-AFC9F45287E4}",2022,242982
"{2DD8AFBC-3518-A408-5715-26AB80A6402D}",2022,223865
"{3CB384C6-7C12-E4EE-94B0-AB6A15E27356}",2022,25064
"{CABC2F65-881C-579D-81CF-72CF984965F6}",2022,64572
"{B877E37C-25FB-FCAE-FA46-51D4057CEE02}",2022,89329
"{C88F984F-88B3-C2B1-D90A-7C567DE43629}",2022,48822
"{BF0B7EA9-968C-2951-62A3-17AC35A1717E}",2022,31484
"{BA300319-99F4-0980-B20D-BCAE8EFB718D}",2022,105120
"{AB6E0C95-5FBA-0678-0540-8596D07CAAC8}",2022,48889
"{93E672D1-436D-57E9-A6A4-E8BE7E57DD10}",2022,151263
"{546DEF31-FEC5-4A7E-0A31-D5A37776FCCB}",2022,84061
"{AAEA48AC-69B0-EB20-8BE5-FB0E73A5161A}",2022,160192
"{AC077A50-E6BD-7B23-2223-2B12B737E892}",2022,142816
"{D670AA2C-C858-0686-1867-E8F77F261839}",2022,141767
"{A29F284D-A6C5-7C41-1875-65A601E8B48C}",2022,127867
"{B67BF1D6-A4AD-896D-653D-2D77AFB58C51}",2022,124644
"{8B32C08C-D7BC-A11F-8086-84FC50663321}",2022,76756
"{FF5628E3-C9C5-9AEA-DDFA-101A34E6BFF0}",2022,70457
"{8A7FDA69-95E3-F888-18CA-70FC173DA65B}",2022,141719
"{184372BA-E4F6-6238-B7C8-2F181FA43CE6}",2022,171910
"{6987F929-3D64-F5AD-1D5F-E57E1B09948C}",2022,110910
"{B3133674-A14F-29BF-B69A-EC218907EA5C}",2022,118526
"{640775C4-017A-BD6A-19A3-0919EE16426E}",2022,70461
"{F0EA8B5A-603F-13A2-102E-0BAD4571C7F9}",2022,68500
"{6B918A41-7665-E609-88DD-847A87CBC3ED}",2022,85669
"{5934BCCD-E86E-FA75-4EFD-C719E6ADC2D8}",2022,161300
"{F61B35A9-CB3A-0D0C-ED55-44F971D4C92E}",2022,257854
"{F803917C-B918-D36A-FBD6-5B100AFE9B8A}",2022,83897
"{13BFF2E0-836B-84DA-2B73-240AB574BB7A}",2022,72915
"{98852C52-6DCD-1BA9-B18E-E7176A916C70}",2022,126161
"{AB4C85BC-CA7E-41D8-DBE4-F08F521DF234}",2022,126983
"{F957D325-1FD6-2666-6302-2CFD26C9CEDB}",2022,110880
"{83AE3D57-DAC6-47D2-2167-FA86AFC21369}",2022,177770
"{DD3E7F67-C86D-E89B-3C6B-B1611AA08BFA}",2022,197769
"{1F7F017E-7F1A-97AB-7487-43CB1ACD87F7}",2022,180356
"{87E5CA3A-CAA6-16DC-B6FB-807D0D14C8E2}",2022,176412
"{8867E2E4-0C4F-594C-1896-6D9A407C699E}",2022,64208
"{B57A2E7B-EAC1-DFAF-024A-B540595026D9}",2022,175482
"{6F992E1F-83F4-6045-247F-4B82EAB7F9C0}",2022,133091
"{6571F078-EEEF-15C4-9D43-23316F6FC66F}",2022,41033
"{1A372BED-B4DA-54DB-6113-9CB94D26D0BE}",2022,51044
"{3C257F82-1A63-6DA9-72B7-6C9E9A291610}",2022,202721
"{2343FCAE-B643-9255-4BDD-1DC4EADC151B}",2022,846017
"{FC6D9670-34A9-F0B6-7AFB-75C6D8202B03}",2022,102103
"{E3C58B58-8F60-A49E-A128-CFBD8FD83E39}",2022,43932
"{52B0AEF7-E254-2042-9658-2B598038635F}",2022,239010
"{F4B56789-3C84-DC23-56AD-322DE11031A0}",2022,254773
"{FBFE3CAC-1C80-1EBB-C5F4-76ABF9F780DA}",2022,69540
"{3DD24FF8-8EAD-6B7E-86B3-8556CB2FECED}",2022,38968
"{AD444ED3-D714-A13B-71D1-8B84A794A47E}",2022,262880
"{B00951B4-0D59-3EB9-5647-1E44EE8A780B}",2022,54400
"{1FFE14DC-FD03-BB67-D51C-9E897F988EC8}",2022,30271
"{396A6C70-D47C-E07A-FDD4-8B7F9D74FBD1}",2022,529770
"{B73D6092-14C9-CD04-3656-CC5231CF90B7}",2022,391921
"{D49E8668-4B7E-4302-D9C1-135D21B3B00B}",2022,439192
"{7045A7DA-1D9F-0A40-FA6C-8FE4094EE820}",2022,336098
"{54742F19-BFDB-CD66-74B7-E8C48CD89B90}",2022,302792
"{45A00F81-6D66-A1A6-7CBF-F2A7C6C3B422}",2022,604634
"{C1BFE035-05F1-5013-4523-C05B826CE7E7}",2022,755650
"{93822FAD-2514-4B69-64C2-1934A16B9513}",2022,354031
"{6688E903-C5A7-DBC0-1649-BCDF8B76A05C}",2022,335478
"{54CD979C-CF9D-6A65-567F-8976C9546137}",2023,86280
"{1854CE21-0D57-9748-D804-77E28CAD45C8}",2023,41580
"{91E025E5-7F78-2AE6-6790-52BA0D18544B}",2023,86559
"{8AF38330-E608-6D8E-F4D9-B025DBEFE44B}",2023,93348
"{CEE28573-3561-A1CC-59F8-437EA0FD5C03}",2023,121167
"{632250CE-B852-246A-56D9-8854C5EB8A4E}",2023,288733
"{338F9C39-8F3D-3B69-8F0E-B9A9AFF48586}",2023,197152
"{51A3C395-0B56-F669-F319-63A8E028D1BB}",2023,71463
"{CCB52CAA-8C23-69FA-32E9-19C34836C85F}",2023,137488
"{CAF8DD7F-909B-FB7E-77A6-2A77634A1EA1}",2023,99701
"{543D327D-3633-EAB8-FCCD-431891B04572}",2023,92651
"{86659364-E260-CE27-F770-58DB5D55790E}",2023,107781
"{0FBAD5A3-775C-8678-E90F-BA27C5A9B381}",2023,139992
"{39F1ECAF-AEF8-EF8A-8F79-2CC5895D95B1}",2023,99587
"{A7F442EF-01A1-A323-9AA1-7A2787023CBE}",2023,145969
"{093B85E1-925C-8019-BE7B-3DEAF4A9CB0F}",2023,86970
"{D84C16D5-5912-A8CB-EAAF-1AD4739D7209}",2023,116646
"{EE2F98B6-C94D-4FCF-FBC7-2206458F16FF}",2023,48954
"{E1B1337C-C89A-514B-9AED-D4642E34F222}",2023,61107
"{4BDC86BE-17C2-46F0-2F98-92DF1B11D314}",2023,83464
"{FE0042F9-FF5F-AD6B-EA9C-9C75A10AA758}",2023,82778
"{4E3BD2D3-D3B7-307E-101C-1021B6212713}",2023,136315
"{A384F76B-4ED5-9B93-4E1F-F25A2A8EAEBE}",2023,63764
"{D93DE023-F361-27CE-A0F3-CA85725D8AEA}",2023,287570
"{95DDCAC0-E6B6-2EEB-9A62-5DB14A07C613}",2023,85562
"{F2B9E252-5FEA-776C-DFD1-D93C48433657}",2023,103003
"{A40F2A23-5360-8621-4E8C-A0602FF855B8}",2023,206841
"{73542C20-B82D-945D-8731-852D755DE9DD}",2023,139027
"{01325AA0-BEA1-66FE-9B5C-88AA603382F3}",2023,205717
"{3297C203-C599-F2AE-F1AA-1868216527B9}",2023,156270
"{3579F526-2611-CB6A-0902-C0F4034D4164}",2023,88561
"{1AA3EBA2-8AA2-3ED3-6D5F-5136F9B26787}",2023,90868
"{ED5D5293-0EF2-D555-C2A5-3EE3B1F6D619}",2023,89431
"{270D1212-CC25-ABE5-AC82-ADD4C3E376B2}",2023,64728
"{7BD178E2-177C-7125-84DF-32B63BC0279A}",2023,98559
"{BA43EFE1-6A22-28B7-7FB2-361A9525679A}",2023,202457
"{F61C5B3B-50F7-B4C6-F33A-5643BB7423DB}",2023,124137
"{A7BD78F1-E58A-22D2-4F44-3EFEE9E64202}",2023,136568
"{F798CCF4-FC4C-F347-64B1-5994365B0594}",2023,87042
"{11B8EDBE-8460-1EC1-84A5-D7A98FF00A91}",2023,108794
"{9733751F-F79F-D984-2254-DF02E9DBCA2B}",2023,186895
"{80D9098A-1887-F8CA-F3F3-12338B4D96FA}",2023,57396
"{4641E2EF-DFF9-091E-C3C2-492964CA9EF5}",2023,708468
"{D23DADC7-D445-22D2-0648-79A7DD8CA1B4}",2023,83590
"{8B467210-5BD9-A44C-2FFF-DB55E879B135}",2023,91932
"{64CC73A3-502B-20AE-FCFE-F9A6EC5F1351}",2023,148522
"{D5BBD67A-CFA7-8A0B-38AA-DA1F82995C7B}",2023,258088
"{F78A6BB4-1969-0E34-7A98-0A446B50DB54}",2023,80653
"{A025C6B8-0E81-E5F8-4015-A8EC71F9B738}",2023,155899
"{ECE9D8ED-0F5D-CC8D-9AF2-B7C122D82E49}",2023,199641
"{1006FBA6-2EB4-5960-5C4B-6FBC0581A26A}",2023,135496
"{8288F8E8-D961-D47C-050F-65A65AA97F9D}",2023,93113
"{17F4009B-AEFB-B7C6-A52F-D6010698EDE9}",2023,114989
"{B8B6AFC0-66BC-6D0F-4AAC-D670FE7BCA9F}",2023,88002
"{3E53EDDE-CCD7-0E2E-7589-7184E6320E14}",2023,85575
"{040649D0-A0BA-C005-ADEF-90E3E4358730}",2023,64120
"{24583742-6987-D358-4587-C7C98370FCEF}",2023,379363
"{BFF8770D-356E-6292-8C34-0EEE58FB2BA4}",2023,104991
"{6E91C127-A888-E912-0483-08D35DE213A9}",2023,131833
"{F4903A19-350D-D84D-A882-F9654ED12BA2}",2023,166258
"{60E04965-3EC1-E787-2A99-F57E04489AEC}",2023,217702
"{2B736046-BEDC-DEF4-77A8-475FD27A1E64}",2023,95038
"{1FC2E6E7-1C9C-C1CC-9006-A4E84CC0F303}",2023,115961
"{6F6C5467-2864-ED2F-862C-D5213947E6AD}",2023,169181
"{7BAB2F56-875B-2ED6-4180-201269CED27E}",2023,138116
"{D81D3816-B218-65B6-DB52-A8E75DAD59C9}",2023,153889
"{E1EA480C-0BB2-57D0-87DB-FA3F71314F83}",2023,170778
"{EED6E019-9FD1-5609-EB4C-D3968EDD9F22}",2023,224085
"{E8AFFCCE-4403-83DE-6C80-80F38A3582A1}",2023,54325
"{263C1320-AF64-F3FF-ACE3-CEA489DFB3BC}",2023,106878
"{F459B361-8F01-B771-E54E-579E6ACACF12}",2023,92394
"{3E069B69-BF63-3D6A-6F86-E0282D3361EA}",2023,164387
"{B9AAB293-41E8-6FB2-EFBE-36507753EC65}",2023,133590
"{07BC4455-2DED-3E72-89F5-F1123A963742}",2023,80608
"{B7A85CB6-AAA4-B046-33D5-3EBB049D4198}",2023,113667
"{BDAFD028-A9C2-B5F4-9F4B-922D2C707631}",2023,106992
"{3F985DE4-8479-BB09-7357-E758AA3DE096}",2023,120457
"{A984BA1B-1216-2570-4BDD-EC3242A5C527}",2023,69038
"{9F150CC3-DCE9-8CEB-BF01-698F45485FBA}",2023,114742
"{1DF59397-D316-47A4-0FAC-94F3B8AC4AAD}",2023,395477
"{23D12364-9F00-5BD4-1434-A191B1663711}",2023,207938
"{E009A9D1-AEA9-39A9-24D1-0632A6F70389}",2023,133135
"{ABFA705B-9826-4AD9-B22B-98F9168CC263}",2023,51265
"{F7BCDB81-B0EC-973E-BD24-12FA7E89A631}",2023,505878
"{90DE9873-4EE6-9646-8B3C-27495B4EBB68}",2023,143868
"{8C17955C-1843-9259-82B8-33A2C96BB1F3}",2023,220321
"{6FBDCE79-EC46-FD41-452E-D4C8712B2030}",2023,172066
"{AD98692B-F153-163B-F60D-B2B80DDE3F28}",2023,118908
"{754D644E-5F65-8B1A-8684-7BD83BE3CE2D}",2023,132058
"{F0420255-9025-FC4C-C73F-FC6AC46A562D}",2023,173477
"{BBF3E52F-6F5B-58EF-17D6-83D78187BA8B}",2023,81370
"{475A43A7-610B-3F17-B315-CCFB6CDCB36D}",2023,67021
"{67630DFA-E36E-54E7-81F2-6F947A05AF9A}",2023,131693
"{37C13AAA-BAFF-F837-8413-D3645A296542}",2023,112330
"{A6983A1F-CFDC-86FB-A940-5AD2214B5619}",2023,181669
"{F55AD9DB-AD52-9CE0-384C-8D2F4A8667E2}",2023,86031
"{AABA75AA-084D-4C80-E3B4-14FD8E122E70}",2023,173042
"{B8FD0E1F-FC7F-4B45-8C7A-46E1A45CBD5D}",2023,113218
"{B84D3EAD-E68F-22AF-8DDF-150A40449DC2}",2023,118323
"{4CA34928-7026-6568-A40F-F2D39617C4BD}",2023,65780
"{1CDC78B6-2FD4-FCEC-F7E5-03DF39D3BECA}",2023,95293
"{4BEE6D8A-790F-56FA-DBD2-3C7FE695B48D}",2023,196007
"{3EFBC049-59F9-700F-C3E3-58A04586E734}",2023,239215
"{5770C716-0EB7-67E4-B78F-B5DFCAC3123B}",2023,115387
"{8172329C-68C5-F514-F708-CBCCFA5554C8}",2023,196944
"{249FBBC9-8AC8-0A5D-F92A-D1AB8F90C5F9}",2023,149649
"{A32A501F-1C4C-8F06-6756-9438CD7C6AD6}",2023,75240
"{F0935483-1609-A81E-216B-E07EEF62FB81}",2023,314756
"{E71EE0C1-9C7F-8333-7BB2-DE84EA41E0E2}",2023,51905
"{326D2AE2-EFC4-8961-28B6-F1D7A40745BA}",2023,139889
"{8046B1B8-931A-FFBE-B2B9-6C0D104B017D}",2023,198084
"{5E84877A-62F2-0210-B73F-4347AC9D5637}",2023,116766
"{B042BFE2-56C3-C9C2-6E73-0EE74DBDF7BA}",2023,103082
"{8FEF89A7-C9B1-4105-846E-517D1831E753}",2023,193702
"{72A5054A-14C5-E788-0FA2-1CD515993F0B}",2023,164008
"{5AD7EADD-CB00-64F6-A560-B5C76E461346}",2023,88352
"{76065785-7F52-48F1-EA8F-D03CE20FB736}",2023,55180
"{838D5543-BAFC-01EE-122D-8CC0E1298E25}",2023,198173
"{55522CA9-4849-A0E8-4E59-BA77B367813E}",2023,70490
"{968CB96D-2ABE-5097-05C0-682A7C172FFD}",2023,85652
"{B1BAED53-F797-D8F1-B425-90210D3DA3C7}",2023,249526
"{AF49A0FE-DBD8-3810-C8F1-2353D8F1D60A}",2023,137349
"{1DF26257-FC2B-084F-DD57-3B9883EF9F66}",2023,80907
"{75A37830-0558-3268-4797-6A5EA2C0A58B}",2023,117872
"{9D12F9E2-79B3-AA71-2805-4DE51BE1108C}",2023,134096
"{3931DFDE-BB23-726B-EFFF-EF0815238E92}",2023,230436
"{9BD484C4-8AD8-68AB-CAE1-0EDD0113F635}",2023,114638
"{D21C2C41-F765-AA1B-3397-5BB285B01694}",2023,204295
"{9690494B-44EF-65B3-446A-56B4ED4FD5D4}",2023,125517
"{5ECCDEC5-9359-9717-B387-6A189FB6ED2F}",2023,294650
"{E56B8F01-8BDB-3B02-8C45-6B5C6932B058}",2023,146716
"{89245E9C-9A0D-1370-F9A3-086F554ED07B}",2023,61885
"{9A5460F3-DF99-8110-92E8-1F0BC7426DD2}",2023,167621
"{AD794FA4-F8F0-BB95-08A8-398D022BF137}",2023,93691
"{E2074C04-BB16-A038-B440-48104CE6410C}",2023,100558
"{DD0D5BEE-00F0-5B05-3FC9-F6A39D0EC4E0}",2023,137732
"{415C93A7-A51D-1FF9-C310-78A9242EFD1D}",2023,179412
"{1FC8A8EF-FDF0-F3E9-D98B-31E18133CF79}",2023,73656
"{EEED6DA1-A074-FAE0-5ACD-0ED26ABC4EB6}",2023,115183
"{87E4ADE8-C6CB-A33F-09C1-7F8631D7F1F6}",2023,159041
"{E4E916BC-F08E-AB2C-B28B-05FBB83F5110}",2023,107800
"{2B71C6EB-D538-F1BB-79F5-ACC0A57C8B69}",2023,144241
"{B4AB9D4B-24AF-6624-911B-B375D22EB06E}",2023,69062
"{53F72819-192A-0A3E-FBCE-47AB4C5FEA9F}",2023,79277
"{F7E8CD73-A1D1-03F1-C6D7-F5A3ADBF3D83}",2023,120263
"{B4A9AF91-2A72-AA93-9CA8-0C7A1E3170A6}",2023,68529
"{B6AB17E6-46C2-2D36-8B87-2E0071D163B7}",2023,78238
"{7072BC74-2050-BB87-457E-A0C45AE44663}",2023,69845
"{2BAEDD19-1268-9673-A3F1-29B0877315F9}",2023,61147
"{9863A6CC-FB39-7878-DCCD-716D68CEBE8B}",2023,274113
"{268D7B74-BC5C-545F-6346-1927E85D46D2}",2023,189740
"{59AA93ED-B8CC-2537-8955-F746B83C50BB}",2023,158700
"{C4DFAFF5-6EDA-7B82-FF77-34E7BB65179C}",2023,140830
"{2E72FCEF-0CB8-014E-1D82-DF8192430959}",2023,194810
"{EF09CD9C-0183-8DA3-B26E-734C2382B5DF}",2023,138362
"{E1DBDD61-2A50-F47C-6604-6D029FCC988D}",2023,104809
"{F8CB9FB0-7561-2D35-C535-7D344294AB10}",2023,30608
"{04CBADAF-5577-E1AB-12F7-49CD628AA70F}",2023,148063
"{069B1B50-BB32-0C5A-DC20-C9643EC4583D}",2023,163387
"{5776BA94-E993-F553-EABB-C7CC9C6F720C}",2023,54898
"{93ED7B3E-69D3-EFEA-4F3C-FAE2FCF5942D}",2023,205107
"{C74E3F2F-9273-77E4-D32F-18E49E986DFB}",2023,135153
"{A62187E9-F3FA-ACE7-8AC0-2BC69D81265C}",2023,60930
"{DEFF95BC-485A-2A1C-55C3-995509683799}",2023,92267
"{3E6E48BD-05A7-0F34-DE7C-B878ACC40095}",2023,85683
"{D3FA85EF-2E9D-58A4-F901-D43E125BA5E1}",2023,171700
"{E2F9EDD5-426E-9AD6-4536-D3086FFACB64}",2023,418897
"{2C5DCBED-7D79-137A-EC0D-E20D7EF7B240}",2023,356419
"{0673C3E5-5534-6578-70F4-B6B48BA0D331}",2023,271930
"{90E99B68-AD16-6914-F66B-330143235446}",2023,176198
"{972FF67E-BBE9-D809-7E1A-843857954E8F}",2023,407396
"{2BE31D39-0728-34AB-CC03-D04C011A65FB}",2023,295851
"{C684E28A-2076-F333-984D-62F77E1DC5D6}",2023,164495
"{A1B69673-8D98-6C6C-C43E-0DE46ADC3705}",2023,249475
"{E1C50C1D-9E6D-C678-A720-26ED8993BAA8}",2023,360058
"{F3FD91AE-53FF-2611-E945-AFC9F45287E4}",2023,249169
"{2DD8AFBC-3518-A408-5715-26AB80A6402D}",2023,229578
"{3CB384C6-7C12-E4EE-94B0-AB6A15E27356}",2023,25700
"{CABC2F65-881C-579D-81CF-72CF984965F6}",2023,66204
"{B877E37C-25FB-FCAE-FA46-51D4057CEE02}",2023,91557
"{C88F984F-88B3-C2B1-D90A-7C567DE43629}",2023,50064
"{BF0B7EA9-968C-2951-62A3-17AC35A1717E}",2023,32289
"{BA300319-99F4-0980-B20D-BCAE8EFB718D}",2023,107793
"{AB6E0C95-5FBA-0678-0540-8596D07CAAC8}",2023,50128
"{93E672D1-436D-57E9-A6A4-E8BE7E57DD10}",2023,155733
"{546DEF31-FEC5-4A7E-0A31-D5A37776FCCB}",2023,86538
"{AAEA48AC-69B0-EB20-8BE5-FB0E73A5161A}",2023,164860
"{AC077A50-E6BD-7B23-2223-2B12B737E892}",2023,146981
"{D670AA2C-C858-0686-1867-E8F77F261839}",2023,145898
"{A29F284D-A6C5-7C41-1875-65A601E8B48C}",2023,131818
"{B67BF1D6-A4AD-896D-653D-2D77AFB58C51}",2023,128481
"{8B32C08C-D7BC-A11F-8086-84FC50663321}",2023,79124
"{FF5628E3-C9C5-9AEA-DDFA-101A34E6BFF0}",2023,72626
"{8A7FDA69-95E3-F888-18CA-70FC173DA65B}",2023,145851
"{184372BA-E4F6-6238-B7C8-2F181FA43CE6}",2023,176920
"{6987F929-3D64-F5AD-1D5F-E57E1B09948C}",2023,114143
"{B3133674-A14F-29BF-B69A-EC218907EA5C}",2023,121965
"{640775C4-017A-BD6A-19A3-0919EE16426E}",2023,72509
"{F0EA8B5A-603F-13A2-102E-0BAD4571C7F9}",2023,70493
"{6B918A41-7665-E609-88DD-847A87CBC3ED}",2023,88166
"{5934BCCD-E86E-FA75-4EFD-C719E6ADC2D8}",2023,165992
"{F61B35A9-CB3A-0D0C-ED55-44F971D4C92E}",2023,265362
"{F803917C-B918-D36A-FBD6-5B100AFE9B8A}",2023,86336
"{13BFF2E0-836B-84DA-2B73-240AB574BB7A}",2023,75037
"{98852C52-6DCD-1BA9-B18E-E7176A916C70}",2023,129823
"{AB4C85BC-CA7E-41D8-DBE4-F08F521DF234}",2023,130694
"{F957D325-1FD6-2666-6302-2CFD26C9CEDB}",2023,114124
"{83AE3D57-DAC6-47D2-2167-FA86AFC21369}",2023,182956
"{DD3E7F67-C86D-E89B-3C6B-B1611AA08BFA}",2023,203536
"{1F7F017E-7F1A-97AB-7487-43CB1ACD87F7}",2023,185581
"{87E5CA3A-CAA6-16DC-B6FB-807D0D14C8E2}",2023,181546
"{8867E2E4-0C4F-594C-1896-6D9A407C699E}",2023,66070
"{B57A2E7B-EAC1-DFAF-024A-B540595026D9}",2023,180568
"{6F992E1F-83F4-6045-247F-4B82EAB7F9C0}",2023,136952
"{6571F078-EEEF-15C4-9D43-23316F6FC66F}",2023,42220
"{1A372BED-B4DA-54DB-6113-9CB94D26D0BE}",2023,52532
"{3C257F82-1A63-6DA9-72B7-6C9E9A291610}",2023,208631
"{2343FCAE-B643-9255-4BDD-1DC4EADC151B}",2023,870498
"{FC6D9670-34A9-F0B6-7AFB-75C6D8202B03}",2023,105041
"{E3C58B58-8F60-A49E-A128-CFBD8FD83E39}",2023,45189
"{52B0AEF7-E254-2042-9658-2B598038635F}",2023,245959
"{F4B56789-3C84-DC23-56AD-322DE11031A0}",2023,262198
"{FBFE3CAC-1C80-1EBB-C5F4-76ABF9F780DA}",2023,71570
"{3DD24FF8-8EAD-6B7E-86B3-8556CB2FECED}",2023,40089
"{AD444ED3-D714-A13B-71D1-8B84A794A47E}",2023,270574
"{B00951B4-0D59-3EB9-5647-1E44EE8A780B}",2023,55980
"{1FFE14DC-FD03-BB67-D51C-9E897F988EC8}",2023,31150
"{396A6C70-D47C-E07A-FDD4-8B7F9D74FBD1}",2023,541832
"{B73D6092-14C9-CD04-3656-CC5231CF90B7}",2023,400740
"{D49E8668-4B7E-4302-D9C1-135D21B3B00B}",2023,449247
"{7045A7DA-1D9F-0A40-FA6C-8FE4094EE820}",2023,343759
"{54742F19-BFDB-CD66-74B7-E8C48CD89B90}",2023,309401
"{45A00F81-6D66-A1A6-7CBF-F2A7C6C3B422}",2023,618113
"{C1BFE035-05F1-5013-4523-C05B826CE7E7}",2023,778068
"{93822FAD-2514-4B69-64C2-1934A16B9513}",2023,364486
"{6688E903-C5A7-DBC0-1649-BCDF8B76A05C}",2023,345402
"{54CD979C-CF9D-6A65-567F-8976C9546137}",2024,87157
"{1854CE21-0D57-9748-D804-77E28CAD45C8}",2024,42074
"{91E025E5-7F78-2AE6-6790-52BA0D18544B}",2024,87594
"{8AF38330-E608-6D8E-F4D9-B025DBEFE44B}",2024,94282
"{CEE28573-3561-A1CC-59F8-437EA0FD5C03}",2024,122468
"{632250CE-B852-246A-56D9-8854C5EB8A4E}",2024,291734
"{338F9C39-8F3D-3B69-8F0E-B9A9AFF48586}",2024,199148
"{51A3C395-0B56-F669-F319-63A8E028D1BB}",2024,72209
"{CCB52CAA-8C23-69FA-32E9-19C34836C85F}",2024,138876
"{CAF8DD7F-909B-FB7E-77A6-2A77634A1EA1}",2024,100716
"{543D327D-3633-EAB8-FCCD-431891B04572}",2024,93607
"{86659364-E260-CE27-F770-58DB5D55790E}",2024,108767
"{0FBAD5A3-775C-8678-E90F-BA27C5A9B381}",2024,141606
"{39F1ECAF-AEF8-EF8A-8F79-2CC5895D95B1}",2024,100593
"{A7F442EF-01A1-A323-9AA1-7A2787023CBE}",2024,147789
"{093B85E1-925C-8019-BE7B-3DEAF4A9CB0F}",2024,87953
"{D84C16D5-5912-A8CB-EAAF-1AD4739D7209}",2024,117881
"{EE2F98B6-C94D-4FCF-FBC7-2206458F16FF}",2024,49508
"{E1B1337C-C89A-514B-9AED-D4642E34F222}",2024,61774
"{4BDC86BE-17C2-46F0-2F98-92DF1B11D314}",2024,84689
"{FE0042F9-FF5F-AD6B-EA9C-9C75A10AA758}",2024,83626
"{4E3BD2D3-D3B7-307E-101C-1021B6212713}",2024,137661
"{A384F76B-4ED5-9B93-4E1F-F25A2A8EAEBE}",2024,64456
"{D93DE023-F361-27CE-A0F3-CA85725D8AEA}",2024,290598
"{95DDCAC0-E6B6-2EEB-9A62-5DB14A07C613}",2024,86439
"{F2B9E252-5FEA-776C-DFD1-D93C48433657}",2024,104225
"{A40F2A23-5360-8621-4E8C-A0602FF855B8}",2024,208801
"{73542C20-B82D-945D-8731-852D755DE9DD}",2024,140758
"{01325AA0-BEA1-66FE-9B5C-88AA603382F3}",2024,207836
"{3297C203-C599-F2AE-F1AA-1868216527B9}",2024,157909
"{3579F526-2611-CB6A-0902-C0F4034D4164}",2024,89333
"{1AA3EBA2-8AA2-3ED3-6D5F-5136F9B26787}",2024,91838
"{ED5D5293-0EF2-D555-C2A5-3EE3B1F6D619}",2024,90463
"{270D1212-CC25-ABE5-AC82-ADD4C3E376B2}",2024,65271
"{7BD178E2-177C-7125-84DF-32B63BC0279A}",2024,99321
"{BA43EFE1-6A22-28B7-7FB2-361A9525679A}",2024,204648
"{F61C5B3B-50F7-B4C6-F33A-5643BB7423DB}",2024,125602
"{A7BD78F1-E58A-22D2-4F44-3EFEE9E64202}",2024,138075
"{F798CCF4-FC4C-F347-64B1-5994365B0594}",2024,87906
"{11B8EDBE-8460-1EC1-84A5-D7A98FF00A91}",2024,109926
"{9733751F-F79F-D984-2254-DF02E9DBCA2B}",2024,188517
"{80D9098A-1887-F8CA-F3F3-12338B4D96FA}",2024,57926
"{4641E2EF-DFF9-091E-C3C2-492964CA9EF5}",2024,715428
"{D23DADC7-D445-22D2-0648-79A7DD8CA1B4}",2024,84353
"{8B467210-5BD9-A44C-2FFF-DB55E879B135}",2024,93016
"{64CC73A3-502B-20AE-FCFE-F9A6EC5F1351}",2024,150204
"{D5BBD67A-CFA7-8A0B-38AA-DA1F82995C7B}",2024,260888
"{F78A6BB4-1969-0E34-7A98-0A446B50DB54}",2024,81417
"{A025C6B8-0E81-E5F8-4015-A8EC71F9B738}",2024,157532
"{ECE9D8ED-0F5D-CC8D-9AF2-B7C122D82E49}",2024,202055
"{1006FBA6-2EB4-5960-5C4B-6FBC0581A26A}",2024,137153
"{8288F8E8-D961-D47C-050F-65A65AA97F9D}",2024,93955
"{17F4009B-AEFB-B7C6-A52F-D6010698EDE9}",2024,116182
"{B8B6AFC0-66BC-6D0F-4AAC-D670FE7BCA9F}",2024,88859
"{3E53EDDE-CCD7-0E2E-7589-7184E6320E14}",2024,86494
"{040649D0-A0BA-C005-ADEF-90E3E4358730}",2024,64655
"{24583742-6987-D358-4587-C7C98370FCEF}",2024,382589
"{BFF8770D-356E-6292-8C34-0EEE58FB2BA4}",2024,106194
"{6E91C127-A888-E912-0483-08D35DE213A9}",2024,133251
"{F4903A19-350D-D84D-A882-F9654ED12BA2}",2024,168036
"{60E04965-3EC1-E787-2A99-F57E04489AEC}",2024,220302
"{2B736046-BEDC-DEF4-77A8-475FD27A1E64}",2024,96297
"{1FC2E6E7-1C9C-C1CC-9006-A4E84CC0F303}",2024,117135
"{6F6C5467-2864-ED2F-862C-D5213947E6AD}",2024,170732
"{7BAB2F56-875B-2ED6-4180-201269CED27E}",2024,139530
"{D81D3816-B218-65B6-DB52-A8E75DAD59C9}",2024,155518
"{E1EA480C-0BB2-57D0-87DB-FA3F71314F83}",2024,172321
"{EED6E019-9FD1-5609-EB4C-D3968EDD9F22}",2024,226482
"{E8AFFCCE-4403-83DE-6C80-80F38A3582A1}",2024,54920
"{263C1320-AF64-F3FF-ACE3-CEA489DFB3BC}",2024,107997
"{F459B361-8F01-B771-E54E-579E6ACACF12}",2024,93376
"{3E069B69-BF63-3D6A-6F86-E0282D3361EA}",2024,166010
"{B9AAB293-41E8-6FB2-EFBE-36507753EC65}",2024,134967
"{07BC4455-2DED-3E72-89F5-F1123A963742}",2024,81534
"{B7A85CB6-AAA4-B046-33D5-3EBB049D4198}",2024,114608
"{BDAFD028-A9C2-B5F4-9F4B-922D2C707631}",2024,108140
"{3F985DE4-8479-BB09-7357-E758AA3DE096}",2024,121726
"{A984BA1B-1216-2570-4BDD-EC3242A5C527}",2024,69727
"{9F150CC3-DCE9-8CEB-BF01-698F45485FBA}",2024,115926
"{1DF59397-D316-47A4-0FAC-94F3B8AC4AAD}",2024,400253
"{23D12364-9F00-5BD4-1434-A191B1663711}",2024,210261
"{E009A9D1-AEA9-39A9-24D1-0632A6F70389}",2024,134566
"{ABFA705B-9826-4AD9-B22B-98F9168CC263}",2024,51668
"{F7BCDB81-B0EC-973E-BD24-12FA7E89A631}",2024,511657
"{90DE9873-4EE6-9646-8B3C-27495B4EBB68}",2024,145298
"{8C17955C-1843-9259-82B8-33A2C96BB1F3}",2024,222622
"{6FBDCE79-EC46-FD41-452E-D4C8712B2030}",2024,173879
"{AD98692B-F153-163B-F60D-B2B80DDE3F28}",2024,120166
"{754D644E-5F65-8B1A-8684-7BD83BE3CE2D}",2024,133579
"{F0420255-9025-FC4C-C73F-FC6AC46A562D}",2024,175330
"{BBF3E52F-6F5B-58EF-17D6-83D78187BA8B}",2024,82212
"{475A43A7-610B-3F17-B315-CCFB6CDCB36D}",2024,67741
"{67630DFA-E36E-54E7-81F2-6F947A05AF9A}",2024,133108
"{37C13AAA-BAFF-F837-8413-D3645A296542}",2024,113547
"{A6983A1F-CFDC-86FB-A940-5AD2214B5619}",2024,183612
"{F55AD9DB-AD52-9CE0-384C-8D2F4A8667E2}",2024,86930
"{AABA75AA-084D-4C80-E3B4-14FD8E122E70}",2024,174903
"{B8FD0E1F-FC7F-4B45-8C7A-46E1A45CBD5D}",2024,114423
"{B84D3EAD-E68F-22AF-8DDF-150A40449DC2}",2024,119361
"{4CA34928-7026-6568-A40F-F2D39617C4BD}",2024,66585
"{1CDC78B6-2FD4-FCEC-F7E5-03DF39D3BECA}",2024,96296
"{4BEE6D8A-790F-56FA-DBD2-3C7FE695B48D}",2024,198043
"{3EFBC049-59F9-700F-C3E3-58A04586E734}",2024,241642
"{5770C716-0EB7-67E4-B78F-B5DFCAC3123B}",2024,116598
"{8172329C-68C5-F514-F708-CBCCFA5554C8}",2024,199343
"{249FBBC9-8AC8-0A5D-F92A-D1AB8F90C5F9}",2024,151252
"{A32A501F-1C4C-8F06-6756-9438CD7C6AD6}",2024,76024
"{F0935483-1609-A81E-216B-E07EEF62FB81}",2024,318156
"{E71EE0C1-9C7F-8333-7BB2-DE84EA41E0E2}",2024,52484
"{326D2AE2-EFC4-8961-28B6-F1D7A40745BA}",2024,141319
"{8046B1B8-931A-FFBE-B2B9-6C0D104B017D}",2024,200189
"{5E84877A-62F2-0210-B73F-4347AC9D5637}",2024,118014
"{B042BFE2-56C3-C9C2-6E73-0EE74DBDF7BA}",2024,104122
"{8FEF89A7-C9B1-4105-846E-517D1831E753}",2024,196076
"{72A5054A-14C5-E788-0FA2-1CD515993F0B}",2024,165939
"{5AD7EADD-CB00-64F6-A560-B5C76E461346}",2024,89211
"{76065785-7F52-48F1-EA8F-D03CE20FB736}",2024,55803
"{838D5543-BAFC-01EE-122D-8CC0E1298E25}",2024,200326
"{55522CA9-4849-A0E8-4E59-BA77B367813E}",2024,71264
"{968CB96D-2ABE-5097-05C0-682A7C172FFD}",2024,86431
"{B1BAED53-F797-D8F1-B425-90210D3DA3C7}",2024,252133
"{AF49A0FE-DBD8-3810-C8F1-2353D8F1D60A}",2024,138555
"{1DF26257-FC2B-084F-DD57-3B9883EF9F66}",2024,81761
"{75A37830-0558-3268-4797-6A5EA2C0A58B}",2024,119164
"{9D12F9E2-79B3-AA71-2805-4DE51BE1108C}",2024,135587
"{3931DFDE-BB23-726B-EFFF-EF0815238E92}",2024,232978
"{9BD484C4-8AD8-68AB-CAE1-0EDD0113F635}",2024,115841
"{D21C2C41-F765-AA1B-3397-5BB285B01694}",2024,206485
"{9690494B-44EF-65B3-446A-56B4ED4FD5D4}",2024,126689
"{5ECCDEC5-9359-9717-B387-6A189FB6ED2F}",2024,297378
"{E56B8F01-8BDB-3B02-8C45-6B5C6932B058}",2024,148305
"{89245E9C-9A0D-1370-F9A3-086F554ED07B}",2024,62482
"{9A5460F3-DF99-8110-92E8-1F0BC7426DD2}",2024,169290
"{AD794FA4-F8F0-BB95-08A8-398D022BF137}",2024,94669
"{E2074C04-BB16-A038-B440-48104CE6410C}",2024,101651
"{DD0D5BEE-00F0-5B05-3FC9-F6A39D0EC4E0}",2024,139103
"{415C93A7-A51D-1FF9-C310-78A9242EFD1D}",2024,180890
"{1FC8A8EF-FDF0-F3E9-D98B-31E18133CF79}",2024,74454
"{EEED6DA1-A074-FAE0-5ACD-0ED26ABC4EB6}",2024,116361
"{87E4ADE8-C6CB-A33F-09C1-7F8631D7F1F6}",2024,161269
"{E4E916BC-F08E-AB2C-B28B-05FBB83F5110}",2024,108957
"{2B71C6EB-D538-F1BB-79F5-ACC0A57C8B69}",2024,145855
"{B4AB9D4B-24AF-6624-911B-B375D22EB06E}",2024,69778
"{53F72819-192A-0A3E-FBCE-47AB4C5FEA9F}",2024,80087
"{F7E8CD73-A1D1-03F1-C6D7-F5A3ADBF3D83}",2024,121512
"{B4A9AF91-2A72-AA93-9CA8-0C7A1E3170A6}",2024,69210
"{B6AB17E6-46C2-2D36-8B87-2E0071D163B7}",2024,79102
"{7072BC74-2050-BB87-457E-A0C45AE44663}",2024,70594
"{2BAEDD19-1268-9673-A3F1-29B0877315F9}",2024,61659
"{9863A6CC-FB39-7878-DCCD-716D68CEBE8B}",2024,277238
"{268D7B74-BC5C-545F-6346-1927E85D46D2}",2024,191699
"{59AA93ED-B8CC-2537-8955-F746B83C50BB}",2024,160428
"{C4DFAFF5-6EDA-7B82-FF77-34E7BB65179C}",2024,142213
"{2E72FCEF-0CB8-014E-1D82-DF8192430959}",2024,196858
"{EF09CD9C-0183-8DA3-B26E-734C2382B5DF}",2024,139655
"{E1DBDD61-2A50-F47C-6604-6D029FCC988D}",2024,105902
"{F8CB9FB0-7561-2D35-C535-7D344294AB10}",2024,30869
"{04CBADAF-5577-E1AB-12F7-49CD628AA70F}",2024,149511
"{069B1B50-BB32-0C5A-DC20-C9643EC4583D}",2024,165124
"{5776BA94-E993-F553-EABB-C7CC9C6F720C}",2024,55337
"{93ED7B3E-69D3-EFEA-4F3C-FAE2FCF5942D}",2024,207279
"{C74E3F2F-9273-77E4-D32F-18E49E986DFB}",2024,136546
"{A62187E9-F3FA-ACE7-8AC0-2BC69D81265C}",2024,61535
"{DEFF95BC-485A-2A1C-55C3-995509683799}",2024,93032
"{3E6E48BD-05A7-0F34-DE7C-B878ACC40095}",2024,86563
"{D3FA85EF-2E9D-58A4-F901-D43E125BA5E1}",2024,173530
"{E2F9EDD5-426E-9AD6-4536-D3086FFACB64}",2024,423916
"{2C5DCBED-7D79-137A-EC0D-E20D7EF7B240}",2024,365531
"{0673C3E5-5534-6578-70F4-B6B48BA0D331}",2024,278923
"{90E99B68-AD16-6914-F66B-330143235446}",2024,180724
"{972FF67E-BBE9-D809-7E1A-843857954E8F}",2024,417922
"{2BE31D39-0728-34AB-CC03-D04C011A65FB}",2024,303439
"{C684E28A-2076-F333-984D-62F77E1DC5D6}",2024,168729
"{A1B69673-8D98-6C6C-C43E-0DE46ADC3705}",2024,255922
"{E1C50C1D-9E6D-C678-A720-26ED8993BAA8}",2024,369359
"{F3FD91AE-53FF-2611-E945-AFC9F45287E4}",2024,255561
"{2DD8AFBC-3518-A408-5715-26AB80A6402D}",2024,235478
"{3CB384C6-7C12-E4EE-94B0-AB6A15E27356}",2024,26357
"{CABC2F65-881C-579D-81CF-72CF984965F6}",2024,67890
"{B877E37C-25FB-FCAE-FA46-51D4057CEE02}",2024,93856
"{C88F984F-88B3-C2B1-D90A-7C567DE43629}",2024,51345
"{BF0B7EA9-968C-2951-62A3-17AC35A1717E}",2024,33124
"{BA300319-99F4-0980-B20D-BCAE8EFB718D}",2024,110549
"{AB6E0C95-5FBA-0678-0540-8596D07CAAC8}",2024,51407
"{93E672D1-436D-57E9-A6A4-E8BE7E57DD10}",2024,161381
"{546DEF31-FEC5-4A7E-0A31-D5A37776FCCB}",2024,89665
"{AAEA48AC-69B0-EB20-8BE5-FB0E73A5161A}",2024,170578
"{AC077A50-E6BD-7B23-2223-2B12B737E892}",2024,152061
"{D670AA2C-C858-0686-1867-E8F77F261839}",2024,150958
"{A29F284D-A6C5-7C41-1875-65A601E8B48C}",2024,137236
"{B67BF1D6-A4AD-896D-653D-2D77AFB58C51}",2024,133737
"{8B32C08C-D7BC-A11F-8086-84FC50663321}",2024,82368
"{FF5628E3-C9C5-9AEA-DDFA-101A34E6BFF0}",2024,75595
"{8A7FDA69-95E3-F888-18CA-70FC173DA65B}",2024,150895
"{184372BA-E4F6-6238-B7C8-2F181FA43CE6}",2024,183036
"{6987F929-3D64-F5AD-1D5F-E57E1B09948C}",2024,118088
"{B3133674-A14F-29BF-B69A-EC218907EA5C}",2024,126158
"{640775C4-017A-BD6A-19A3-0919EE16426E}",2024,75002
"{F0EA8B5A-603F-13A2-102E-0BAD4571C7F9}",2024,72924
"{6B918A41-7665-E609-88DD-847A87CBC3ED}",2024,91223
"{5934BCCD-E86E-FA75-4EFD-C719E6ADC2D8}",2024,171728
"{F61B35A9-CB3A-0D0C-ED55-44F971D4C92E}",2024,274501
"{F803917C-B918-D36A-FBD6-5B100AFE9B8A}",2024,89304
"{13BFF2E0-836B-84DA-2B73-240AB574BB7A}",2024,77620
"{98852C52-6DCD-1BA9-B18E-E7176A916C70}",2024,134276
"{AB4C85BC-CA7E-41D8-DBE4-F08F521DF234}",2024,135244
"{F957D325-1FD6-2666-6302-2CFD26C9CEDB}",2024,118101
"{83AE3D57-DAC6-47D2-2167-FA86AFC21369}",2024,189326
"{DD3E7F67-C86D-E89B-3C6B-B1611AA08BFA}",2024,210610
"{1F7F017E-7F1A-97AB-7487-43CB1ACD87F7}",2024,191945
"{87E5CA3A-CAA6-16DC-B6FB-807D0D14C8E2}",2024,187810
"{8867E2E4-0C4F-594C-1896-6D9A407C699E}",2024,68333
"{B57A2E7B-EAC1-DFAF-024A-B540595026D9}",2024,186764
"{6F992E1F-83F4-6045-247F-4B82EAB7F9C0}",2024,141636
"{6571F078-EEEF-15C4-9D43-23316F6FC66F}",2024,43655
"{1A372BED-B4DA-54DB-6113-9CB94D26D0BE}",2024,54364
"{3C257F82-1A63-6DA9-72B7-6C9E9A291610}",2024,215862
"{2343FCAE-B643-9255-4BDD-1DC4EADC151B}",2024,900241
"{FC6D9670-34A9-F0B6-7AFB-75C6D8202B03}",2024,108527
"{E3C58B58-8F60-A49E-A128-CFBD8FD83E39}",2024,46678
"{52B0AEF7-E254-2042-9658-2B598038635F}",2024,254391
"{F4B56789-3C84-DC23-56AD-322DE11031A0}",2024,271283
"{FBFE3CAC-1C80-1EBB-C5F4-76ABF9F780DA}",2024,74057
"{3DD24FF8-8EAD-6B7E-86B3-8556CB2FECED}",2024,41418
"{AD444ED3-D714-A13B-71D1-8B84A794A47E}",2024,279939
"{B00951B4-0D59-3EB9-5647-1E44EE8A780B}",2024,57910
"{1FFE14DC-FD03-BB67-D51C-9E897F988EC8}",2024,32223
"{396A6C70-D47C-E07A-FDD4-8B7F9D74FBD1}",2024,553701
"{B73D6092-14C9-CD04-3656-CC5231CF90B7}",2024,409435
"{D49E8668-4B7E-4302-D9C1-135D21B3B00B}",2024,459188
"{7045A7DA-1D9F-0A40-FA6C-8FE4094EE820}",2024,351323
"{54742F19-BFDB-CD66-74B7-E8C48CD89B90}",2024,315895
"{45A00F81-6D66-A1A6-7CBF-F2A7C6C3B422}",2024,631363
"{C1BFE035-05F1-5013-4523-C05B826CE7E7}",2024,800514
"{93822FAD-2514-4B69-64C2-1934A16B9513}",2024,374961
"{6688E903-C5A7-DBC0-1649-BCDF8B76A05C}",2024,355330
